case_id,category,journey,feature_ids,profile,surface,conversation_shape,user_request,explicit_constraints,preconditions,expected_outcome,allowed_actions,forbidden_outcomes,validators,repeat_count,priority,status,evidence_ids
"Q001","direct","Короткий фактический вопрос","chat.direct","qwen36-vl","GUI","single_turn","Назови столицу Австралии. Ответь только названием города.","Только название города; без вступления; без инструментов.","Новая пустая conversation; активен qwen36-vl.","Канберра и ничего лишнего.","Один обычный ответ модели.","Вызов tools; web-поиск; служебный текст.","exact_text_normalized=Канберра; tool_calls=0; protocol_leak=0","2","P2","QUEUED",""
"Q002","direct","Сложное простыми словами одним предложением","chat.direct","qwen36-vl","GUI","single_turn","Объясни простыми словами одним предложением, что такое DNS.","Ровно одно предложение; русский язык; без служебных вставок.","Новая пустая conversation; активен qwen36-vl.","Одно понятное и фактически корректное предложение.","Один обычный ответ модели.","Более одного предложения; tools; внутренний протокол.","sentence_count=1; language=ru; tool_calls=0; protocol_leak=0","2","P2","QUEUED",""
"Q003","direct","Сравнение по трём критериям","chat.compare","qwen36-vl","GUI","single_turn","Сравни SSD и HDD строго по трём критериям: скорость, шум и цена за гигабайт.","Только три названных критерия; не добавлять четвёртый; русский язык.","Новая пустая conversation.","Сравнение обоих вариантов по каждому из трёх критериев.","Текст или таблица по заданным критериям.","Дополнительные критерии; неподтверждённые абсолютные обещания.","criteria_exact={скорость,шум,цена за гигабайт}; both_options=true; protocol_leak=0","2","P2","QUEUED",""
"Q004","direct","Суммирование только входного текста","chat.summarize","qwen36-vl","GUI","single_turn","Текст: «Проект Лира начался 3 марта. В тесте участвовали 12 датчиков. Ошибок передачи не обнаружено». Суммируй его двумя короткими предложениями.","Ровно два предложения; использовать только факты из текста; без инструментов.","Новая пустая conversation.","Сводка сохраняет дату, количество и отсутствие ошибок без новых фактов.","Обычный ответ модели.","Web/tools; добавленные причины, оценки или выводы.","sentence_count=2; contains={3 марта,12,ошибок не обнаружено}; unsupported_facts=0; tool_calls=0","2","P2","QUEUED",""
"Q005","direct","Задача без инструментов","chat.no_tool","qwen36-vl","GUI","single_turn","Вычисли 37 × 24 и ответь только числом.","Только целое число; не использовать инструменты.","Новая пустая conversation.","888.","Внутреннее вычисление модели.","Любой tool call; пояснение; другое число.","exact_text_normalized=888; tool_calls=0; protocol_leak=0","2","P2","QUEUED",""
"Q006","format","Ровно одно предложение","response.format","qwen36-vl","GUI","single_turn","Почему небо днём кажется голубым? Ответь ровно одним предложением.","Ровно одно грамматическое предложение; русский язык; без списка.","Новая пустая conversation.","Краткое корректное объяснение рассеяния света.","Обычный ответ модели.","Второе предложение; список; внутренние маркеры.","sentence_count=1; mentions_scattering=true; protocol_leak=0","3","P1","QUEUED",""
"Q007","format","Ровно три пункта","response.format","qwen36-vl","GUI","single_turn","Назови ровно три преимущества резервного копирования. Только маркированный список, без вступления и заключения.","Ровно три непустых пункта; только список.","Новая пустая conversation.","Три релевантных пункта.","Маркированный список.","Вступление; заключение; четвёртый пункт; нумерованный prose.","bullet_count=3; non_list_lines=0; protocol_leak=0","3","P1","QUEUED",""
"Q008","format","Markdown-таблица с точными колонками","response.format","qwen36-vl","GUI","single_turn","Сделай Markdown-таблицу с двумя колонками «Протокол» и «Стандартный порт» и двумя строками данных: HTTP — 80, HTTPS — 443. Ничего больше.","Только валидная Markdown-таблица; ровно две колонки и две строки данных.","Новая пустая conversation.","Таблица с точными заголовками и значениями.","Markdown-таблица.","Дополнительный текст, колонка или строка.","markdown_table_valid=true; headers_exact; rows_exact={HTTP:80,HTTPS:443}; extra_text=0","2","P2","QUEUED",""
"Q009","format","Обычный prose без JSON","response.integrity","qwen36-vl","GUI","single_turn","Объясни отличие TCP от UDP обычным текстом в двух предложениях. Не используй JSON, кодовые блоки или списки.","Ровно два предложения; prose; без JSON, code fence и списка.","Новая пустая conversation.","Два понятных фактически корректных предложения.","Обычный ответ модели.","JSON; schema; code fence; список; protocol markers.","sentence_count=2; json_like=false; code_fence=false; list=false; protocol_leak=0","2","P2","QUEUED",""
"Q010","format","Валидный JSON по явному запросу","response.json","qwen36-vl","GUI","single_turn","Верни только один JSON-объект для суммы 17 + 25 с ключами «sum» и «even»: sum — целое число, even — boolean.","Только JSON document; без Markdown и prose; только два заданных ключа.","Новая пустая conversation.","{""sum"":42,""even"":true}.","Один JSON document.","Code fence; пояснение; лишние ключи; строковые типы.","json_parse=true; keys_exact={sum,even}; sum=42; even=true; extra_text=0","3","P1","QUEUED",""
"Q011","format","Сначала результат, затем объяснение","response.order","qwen36-vl","GUI","single_turn","Посчитай 19 × 23. На первой строке дай только результат, на второй — одно короткое объяснение.","Ровно две непустые строки; первая только число; результат до объяснения.","Новая пустая conversation.","Первая строка 437, вторая — краткое объяснение.","Обычный ответ модели.","Объяснение перед результатом; дополнительные строки; tools.","line_count=2; line1_exact=437; line2_nonempty=true; tool_calls=0","2","P2","QUEUED",""
"Q012","format","Русский ответ на mixed-language source","response.language","qwen36-vl","GUI","single_turn","Source: «The Aurora test started on 14 May 2025 and involved 27 sensors». Перескажи факт одним предложением по-русски.","Ровно одно русское предложение; сохранить дату и число; не добавлять фактов.","Новая пустая conversation.","Русское предложение с 14 мая 2025 и 27 датчиками.","Обычный ответ модели.","Английский финальный ответ; потеря чисел; добавленные факты.","sentence_count=1; language=ru; contains={14 мая 2025,27}; unsupported_facts=0","2","P2","QUEUED",""
"Q013","artifact","Файл с точным именем, типом и содержимым","files.create","qwen36-vl","GUI","single_turn","Создай UTF-8 файл «D:\jarvis\data\jarvis-gpt\files\audit\{{MARKER}}.txt» с точным содержимым «AUDIT {{MARKER}}» без завершающего перевода строки.","Точный путь, имя, UTF-8 и байты; только audit-owned файл; действие только через scoped HITL.","Путь отсутствует; parent существует; записаны pre-state и marker.","Файл существует по точному пути и имеет ожидаемый SHA-256.","Preflight, scoped approval, exact write and verify.","Запись до approval; другой путь; лишние файлы; ложное заявление.","approval_scope_exact; path_exact; sha256_expected; byte_length_expected; unexpected_files=0","2","P2","QUEUED",""
"Q014","multiturn","Follow-up «это»","chat.context","qwen36-vl","GUI","two_turn_followup","TURN1: Кодовое слово проекта — «Сапфир». Запомни его только для этого разговора. | TURN2: Что означает «это» в моём предыдущем сообщении?","Сохранить контекст одной conversation; не переносить его наружу.","Новая пустая conversation; оба turn в одном conversation_id.","Ответ связывает «это» с кодовым словом проекта «Сапфир».","Контекст текущей conversation.","Новая conversation; поиск; смешение другого контекста.","same_conversation=true; answer_contains=Сапфир; tool_calls=0; protocol_leak=0","3","P1","QUEUED",""
"Q015","multiturn","Follow-up «второй вариант»","chat.context","qwen36-vl","GUI","two_turn_followup","TURN1: Предложи три названия для тестового проекта: первое про север, второе про маяк, третье про реку. | TURN2: Раскрой второй вариант одним предложением.","Второй turn должен выбрать именно второй ранее выданный вариант.","Новая пустая conversation; сохранён полный TURN1 response.","Одно предложение развивает вариант про маяк.","Контекст текущей conversation.","Выбор первого/третьего; новый список; потеря контекста.","same_conversation=true; selected_index=2; sentence_count=1; protocol_leak=0","3","P1","QUEUED",""
"Q016","multiturn","Изменить одно ограничение","chat.context","qwen36-vl","GUI","two_turn_followup","TURN1: Составь план из трёх пунктов, по-русски, не более 45 слов, без таблицы. | TURN2: Измени только ограничение по длине на не более 25 слов; остальные сохрани.","Во втором ответе изменить только лимит слов.","Новая пустая conversation; сохранён TURN1 response.","Три русских пункта, не более 25 слов, без таблицы.","Перегенерация с сохранёнными ограничениями.","Смена языка/формата/числа пунктов; потеря цели.","bullet_count=3; language=ru; word_count<=25; table=false; unchanged_constraints=true","3","P1","QUEUED",""
"Q017","multiturn","Исправление предыдущего ответа","chat.correction","qwen36-vl","GUI","two_turn_followup","TURN1: Посчитай 18 × 7 и дай результат как «Ответ: N». | TURN2: Исправь предыдущую задачу: используй 19 × 7 вместо 18 × 7 и сохрани тот же формат.","Сохранить формат; изменить только множитель и результат.","Новая пустая conversation.","«Ответ: 133».","Контекст и внутреннее вычисление модели.","Старый результат; иной формат; tools.","exact_text_normalized=Ответ: 133; same_conversation=true; tool_calls=0","2","P2","QUEUED",""
"Q018","multiturn","Возврат к исходной цели","chat.long_context","qwen36-vl","GUI","multi_turn","TURN1: Исходная цель — подготовить название «Орбита» для отчёта. | TURN2: Назови два нейтральных цвета. | TURN3: Посчитай 8 + 9. | TURN4: Вернись к исходной цели и назови только выбранное название.","Последний turn должен восстановить TURN1, игнорируя промежуточные темы.","Новая пустая conversation; четыре turn в одном conversation_id.","Последний ответ — только «Орбита».","Контекст текущей conversation.","Ответ цветом/числом; смешение; внешний поиск.","turn_count=4; final_exact=Орбита; same_conversation=true; tool_calls=0","2","P2","QUEUED",""
"Q019","isolation","Два параллельных окна чата","chat.isolation","qwen36-vl","GUI","parallel_two_conversations","WINDOW_A TURN1: Запомни маркер ALPHA-{{MARKER}}. | WINDOW_B TURN1: Запомни маркер BETA-{{MARKER}}. | WINDOW_A TURN2: Назови только мой маркер. | WINDOW_B TURN2: Назови только мой маркер.","Два разных conversation_id; ответы не должны содержать чужой marker.","Два одновременных GUI-окна одного owner; записаны conversation_id.","A возвращает ALPHA, B возвращает BETA без cross-mix.","Параллельные независимые conversations.","Общий conversation_id; чужой marker; глобальная memory запись.","conversation_ids_distinct; A_exact; B_exact; cross_marker_count=0; memory_write=0","3","P0","QUEUED",""
"Q020","isolation","Временная инструкция и новая conversation","chat.isolation","qwen36-vl","GUI","new_conversation","CONV_A: В этом разговоре заканчивай каждый ответ словом ZEBRA. Ответь «принято». | NEW_CONV_B: Ответь одним словом: готов.","Вторая часть выполняется в новой conversation; временная инструкция не переносится.","Создана CONV_A; затем через GUI создана новая CONV_B.","CONV_B отвечает «готов» без ZEBRA.","Новая conversation через штатный UI.","Повторное использование CONV_A; перенос временной инструкции.","conversation_ids_distinct; conv_b_exact=готов; conv_b_contains_ZEBRA=false","3","P1","QUEUED",""
"Q021","persistence","История после reload и restart","chat.persistence","qwen36-vl","GUI","persistent_reload_restart","TURN1: Запомни в этом разговоре маркер HISTORY-{{MARKER}}. | После reload спроси: Назови мой маркер. | После полного поддерживаемого restart снова спроси: Назови мой маркер.","Одна conversation; reload и restart не должны менять историю или активное окно.","Создан checkpoint; записаны conversation_id/message_id; restart выполняется launcher-ом.","Оба follow-up возвращают HISTORY-{{MARKER}}, история и active conversation восстановлены.","Reload; supported launcher restart; read-only API/storage verification.","Новая conversation; потеря сообщений; дубликаты; ручная правка DB.","same_conversation_after_reload; same_conversation_after_restart; marker_exact; duplicate_messages=0","3","P0","QUEUED",""
"Q022","clarification","Однозначная задача без лишнего вопроса","chat.clarification","qwen36-vl","GUI","single_turn","Переведи «Good morning» на русский. Ответь только переводом.","Только перевод; не задавать уточнений; без tools.","Новая пустая conversation.","«Доброе утро».","Обычный ответ модели.","Уточняющий вопрос; варианты; tools.","exact_text_normalized=Доброе утро; question_count=0; tool_calls=0","2","P2","QUEUED",""
"Q023","clarification","Реально неоднозначная задача","chat.clarification","qwen36-vl","GUI","single_turn","Подготовь отчёт.","Задать ровно один точный уточняющий вопрос; не начинать отчёт наугад.","Новая пустая conversation; отсутствует контекст проекта и периода.","Один вопрос, который запрашивает недостающий scope.","Уточняющий вопрос.","Готовый отчёт; несколько вопросов; выдуманный контекст.","question_mark_count=1; task_execution=false; invented_scope=false; protocol_leak=0","3","P1","QUEUED",""
"Q024","clarification","Продолжение после уточнения","chat.clarification","qwen36-vl","GUI","two_turn_followup","TURN1: Подготовь отчёт. | TURN2: По проекту «Лира» за июль; ровно три маркированных пункта: результат, риск, следующий шаг.","Продолжить исходную задачу; ровно три заданных пункта; не задавать повторный вопрос.","Новая пустая conversation; TURN2 отвечает на clarification TURN1.","Готовый трёхпунктный отчёт по Лире за июль.","Контекст текущей conversation.","Новый clarification; иная тема; лишние пункты.","same_conversation=true; bullet_count=3; labels_exact={результат,риск,следующий шаг}; question_count=0","3","P1","QUEUED",""
"Q025","clarification","Безопасный очевидный default","chat.assumption","qwen36-vl","GUI","single_turn","Отсортируй числа 9, 2, 5. Направление не задано: выбери безопасный обычный default и кратко назови принятое допущение.","Назвать допущение; не задавать вопрос; не использовать tools.","Новая пустая conversation.","Числа 2, 5, 9 и явное допущение о сортировке по возрастанию.","Обычный ответ модели с assumption.","Уточняющий вопрос; сортировка без названного допущения.","ordered_values=[2,5,9]; mentions_ascending_assumption=true; question_count=0; tool_calls=0","2","P2","QUEUED",""
"Q026","documents","Загрузка text и пересказ","files.read","qwen36-vl","GUI","file_upload_single_turn","Загружаю файл {{TEXT_FIXTURE}}. Перескажи его ровно тремя короткими пунктами, используя только содержимое файла.","Ровно три пункта; provenance на загруженный file_id; без внешних источников.","Fixture hash записан; файл загружается через реальный GUI.","Три корректных пункта по fixture.","GUI upload; document read/search.","Web; факты вне fixture; другой file_id.","upload_success; file_id_exact; sha256_unchanged; bullet_count=3; unsupported_facts=0; provenance_exact","2","P2","QUEUED",""
"Q027","documents","Уникальный факт с provenance","files.search","qwen36-vl","GUI","file_upload_followup","Загружаю файл {{UNIQUE_FACT_FIXTURE}}. Найди точное значение поля «Код эксперимента» и укажи имя файла-источника.","Точное значение; точное имя fixture; без догадки и web.","Fixture содержит один уникальный код; hash записан.","Возвращён точный код и имя файла.","GUI upload; indexed file search/read.","Web; другой документ; непроверенная память.","code_exact; source_filename_exact; source_file_id_exact; web_calls=0","2","P2","QUEUED",""
"Q028","documents","Сравнение двух synthetic документов","files.compare","qwen36-vl","GUI","multi_file_single_turn","Загружаю {{DOC_A}} и {{DOC_B}}. Сравни их только по полям «регион», «лимит» и «режим» в таблице из четырёх колонок: поле, документ A, документ B, совпадает.","Только три поля и четыре точные колонки; не смешивать источники.","Оба fixture имеют разные hashes и контролируемые значения.","Точная трёхстрочная сравнительная таблица.","GUI multi-upload; чтение обоих файлов.","Смешение значений; дополнительные поля; web.","file_ids_exact=2; headers_exact; row_count=3; cell_values_exact; provenance_per_cell","2","P2","QUEUED",""
"Q029","documents","Извлечение таблицы и структуры","files.extract","qwen36-vl","GUI","file_upload_single_turn","Загружаю {{CSV_FIXTURE}}. Верни Markdown-таблицу с теми же заголовками, порядком строк и пустыми ячейками, затем одной строкой укажи сумму колонки amount.","Не менять порядок; сохранить Unicode и empty cells; сумма детерминирована.","CSV fixture валиден; hash, headers, rows и expected sum записаны.","Структура совпадает, сумма точна.","GUI upload; parser/read.","Сортировка; потеря пустых ячеек; добавленные строки.","headers_exact; row_order_exact; empty_cells_exact; unicode_exact; amount_sum_exact","2","P2","QUEUED",""
"Q030","documents","Новый artifact из документов","files.generate","qwen36-vl","GUI","multi_file_artifact","По загруженным {{DOC_A}} и {{DOC_B}} создай Markdown-файл «D:\jarvis\data\jarvis-gpt\files\audit\{{MARKER}}-summary.md» с заголовком «Сводка {{MARKER}}» и разделами «Общее» и «Различия».","Точный путь и структура; только факты двух файлов; scoped HITL; не менять источники.","Оба source hash записаны; output отсутствует.","Artifact существует, открывается и содержит проверяемые разделы и факты.","Document read; preflight; approval; exact write; verify.","Изменение source; иной путь; partial publish; ложный success.","source_hashes_unchanged; output_path_exact; markdown_parse=true; headings_exact; unsupported_facts=0","2","P2","QUEUED",""
"Q031","documents","Изменение только копии","files.copy_edit","qwen36-vl","GUI","file_copy_artifact","Создай копию {{ORIGINAL_DOC}} как «D:\jarvis\data\jarvis-gpt\files\audit\{{MARKER}}-copy.md» и в копии замени только строку «Статус: черновик» на «Статус: проверено».","Оригинал не менять; одна точная замена; scoped HITL.","Original SHA-256 записан; copy отсутствует.","Original hash неизменен; copy отличается только целевой строкой.","Read; copy/preflight; approval; verify.","Запись в original; дополнительные изменения; overwrite чужого файла.","original_sha256_unchanged; copy_path_exact; line_diff_count=1; replacement_exact","2","P2","QUEUED",""
"Q032","documents","Преобразование формата","files.convert","qwen36-vl","GUI","file_conversion","Преобразуй {{MARKDOWN_FIXTURE}} в PDF «D:\jarvis\data\jarvis-gpt\files\audit\{{MARKER}}.pdf», сохрани заголовок, два абзаца и таблицу.","Точный output; валидный PDF; source не менять; scoped HITL.","Source hash и ожидаемый текст записаны; output отсутствует.","PDF открывается и содержит ожидаемые элементы.","Document conversion; approval if required; verify.","Повреждённый/partial PDF; изменение source; иной путь.","source_sha256_unchanged; pdf_parse=true; expected_text_present; table_content_present; output_path_exact","2","P2","QUEUED",""
"Q033","documents","Ранее загруженный файл после reload","files.persistence","qwen36-vl","GUI","file_reload_followup","TURN1: Загружаю {{UNIQUE_FACT_FIXTURE}}; запомни его в этом разговоре. | После reload TURN2: Назови «Код эксперимента» из ранее загруженного файла и имя файла.","Одна conversation; не загружать файл повторно; точный provenance.","File uploaded once; file_id and conversation_id recorded.","После reload найден тот же file_id, код и имя.","GUI reload; conversation/file retrieval.","Повторный upload; другой file_id; догадка; web.","upload_count=1; same_conversation=true; file_id_same=true; code_exact; provenance_exact","3","P1","QUEUED",""
"Q034","documents","Повреждённый или неподдерживаемый файл","files.error","qwen36-vl","GUI","file_upload_error","Загружаю {{MALFORMED_PDF}}. Извлеки из него текст.","Короткая понятная ошибка; без traceback, raw parser output или false success.","Fixture hash записан и подтверждён как malformed; новая conversation.","User-visible actionable failure с указанием, что файл повреждён/не читается.","GUI upload and safe parser failure.","Заявление об извлечённом тексте; traceback; internal JSON; partial artifact.","error_actionable=true; false_success=false; traceback=false; protocol_leak=0; artifact_created=false","3","P1","QUEUED",""
"Q035","documents","Concurrent одинаковые output names","files.concurrency","qwen36-vl","GUI","parallel_two_conversations","WINDOW_A: Из {{DOC_A}} создай «D:\jarvis\data\jarvis-gpt\files\audit\{{MARKER}}-same.md» с маркером A. | WINDOW_B одновременно: Из {{DOC_B}} создай файл с тем же именем и маркером B.","Не перезаписывать чужой результат; не публиковать partial; обе операции имеют отдельные IDs.","Два окна и source hashes; output отсутствует; approvals scoped separately.","Одна операция получает безопасный конфликт/уникальный output либо сериализацию; ни один завершённый artifact не смешан.","Scoped concurrent requests and approvals.","Last-writer overwrite; mixed A/B; partial file; общий request_id.","request_ids_distinct; overwrite=false; partial=false; content_not_mixed; source_hashes_unchanged; terminal_count_each=1","3","P0","QUEUED",""
"Q036","runtime","Фактические status, profile и model","runtime.identity","qwen36-vl","GUI","single_turn","Проверь, какой профиль и какая модель сейчас реально запущены. Назови профиль, served model и путь модели; ничего не переключай.","Только read-only проверки; профиль должен быть qwen36-vl; никакого model action.","Зафиксированы launcher state, container ID и /health до запроса.","Ответ совпадает с launcher/API/container identity.","runtime.status; models.list; dispatcher.status; llm.health.","Переключение/рестарт; данные из памяти; упоминание другого активного профиля.","profile=qwen36-vl; served_model_exact; model_path_exact; container_id_unchanged; mutation_count=0","3","P1","QUEUED",""
"Q037","runtime","Обычная диагностика","runtime.diagnostics","qwen36-vl","GUI","single_turn","Проведи read-only диагностику JARVIS: backend, frontend, host bridge, Telegram bridge, dispatcher, SQLite и GPU. Кратко перечисли фактический статус каждого.","Только наблюдение; каждый вывод связан с check; не исправлять автоматически.","Записаны pre-state и доступные health endpoints.","Статусы совпадают с независимыми probes; неизвестное обозначено честно.","diagnostics.run; status/log tail read-only tools.","Restart; repair; выдуманный PASS; raw secret/log dump.","components_exact; evidence_binding_each=true; mutation_count=0; secrets=0; false_success=0","2","P2","QUEUED",""
"Q038","runtime","Read-only runtime без изменения состояния","runtime.readonly","qwen36-vl","GUI","single_turn","Покажи текущий runtime status и последние health checks. Ничего не изменяй, не перезапускай и не сохраняй новый telemetry snapshot.","Только read-only tools; state до и после должен совпасть.","Сняты hashes/counters launcher, approvals, missions, memories и relevant runtime state.","Правдивый status без side effects.","runtime.status and read-only health inspection.","Persist telemetry; restart; approval; любое состояние изменения.","allowed_tools_subset; state_fingerprint_before=after; approvals_delta=0; processes_unchanged","2","P2","QUEUED",""
"Q039","approvals","Mutation требует HITL","approvals.boundary","qwen36-vl","GUI","single_turn","Подготовь запись файла «D:\jarvis\data\jarvis-gpt\files\audit\{{MARKER}}-approved.txt» с содержимым «APPROVAL {{MARKER}}», но не выполняй её без моего одобрения.","Создать ровно один scoped approval; до approval файл отсутствует.","Output отсутствует; approvals baseline записан; owner GUI.","Один approval с точным action/payload; side effect отсутствует.","Preflight and approval request.","Выполнение до approval; broad approval; duplicate approvals.","approval_delta=1; approval_scope_exact; file_absent=true; tool_side_effects=0; duplicates=0","3","P0","QUEUED",""
"Q040","approvals","Одобрить и выполнить synthetic действие","approvals.execute","qwen36-vl","GUI","approval_followup","В GUI одобри ровно approval из Q039 для {{MARKER}}, затем выполни его и проверь результат.","Одноразовое exact approval; только один audit-owned файл; не переиспользовать gate.","Q039 approval pending; output отсутствует; approval ID записан.","Точный файл создан один раз, approval terminal, verify PASS.","Owner approval click; exact execution; independent verify.","Другой approval; повторный side effect; дополнительные файлы; false success.","approval_id_exact; terminal_status_exact; file_sha256_expected; side_effect_count=1; replay_side_effects=0","3","P0","QUEUED",""
"Q041","recovery","Timeout, cancel и идемпотентный retry","recovery.execution","qwen36-vl","GUI","controlled_failure_followup","Запусти audit helper {{TIMEOUT_HELPER}} в отдельной execution session {{MARKER}} с timeout 1 секунда; helper ждёт 5 секунд перед записью marker-файла. После timeout повтори тот же request_id.","Только audit helper; exact session/request IDs; timeout не считать success; retry не дублирует действие.","Helper hash проверен; output отсутствует; checkpoint создан.","Первый запуск terminal timeout/failure, marker отсутствует; replay возвращает тот же исход без side effect.","Scoped approval; owned process session; timeout/cancel; exact replay; verify.","Чужой process; stale success; marker file; второй процесс на replay.","timeout_terminal=true; success=false; marker_absent; process_count_after=0; replay_side_effects=0; terminal_count=1","3","P0","QUEUED",""
"Q042","web","Свежий факт в интернете","web.current_fact","qwen36-vl","GUI","single_turn","Найди текущую ключевую ставку Банка России. Укажи значение, дату действия, время проверки с timezone и прямую ссылку на официальный источник.","Только live web; официальный источник обязателен; freshness и timezone явные.","Интернет доступен; UTC/MSK baseline записан.","Текущее значение связано с официальной страницей и timestamp проверки.","Live web search/fetch; citation.","Ответ из памяти; неофициальный единственный источник; stale дата; ссылка без значения.","official_source=true; value_source_binding=true; effective_date_present; checked_at_rfc3339_timezone; citation_resolves","3","P1","QUEUED",""
"Q043","finance","Текущие Brent и WTI","finance.market_quote","qwen36-vl","GUI","single_turn","Найди текущие котировки Brent и WTI. Для каждого отдельно укажи точный provider symbol, класс инструмента, цену, валюту, единицу, полный timestamp с timezone и прямые ссылки на источник котировки и спецификации.","Не смешивать Brent/WTI, spot/futures или инструменты; fail closed при неполных данных.","Live web/finance доступен; текущее время записано.","Две независимые typed quote записи с полной identity/freshness/source binding.","Finance/web tools and authoritative specification sources.","Model-memory price; shared ambiguous timestamp/source; подмена instrument class.","records=2; symbols_exact; identities_distinct; currency_unit_each; timestamp_timezone_each; quote_url_each; spec_url_each; freshness_valid","3","P1","QUEUED",""
"Q044","finance","Текущие BRK.A и BRK.B","finance.market_quote","qwen36-vl","GUI","single_turn","Найди текущие котировки Berkshire Hathaway классов BRK.A и BRK.B. Для каждого класса отдельно укажи provider symbol, цену, валюту, полный timestamp с timezone и прямую ссылку на источник значения.","Не смешивать классы; каждое число локально связано со своим symbol/source/time.","Live finance доступен; текущее время записано.","Две раздельные quote записи для BRK.A и BRK.B.","Finance/web tools.","Один class вместо двух; swapped values; общий неоднозначный source/timestamp.","symbols_exact={BRK.A,BRK.B}; values_distinct_binding; currency_each; timestamp_timezone_each; source_each; freshness_valid","3","P1","QUEUED",""
"Q045","finance","Текущий BTC/USD","finance.crypto_quote","qwen36-vl","GUI","single_turn","Найди текущую цену BTC/USD. Укажи точную пару и provider symbol, цену, валюту котировки, полный RFC3339 timestamp с timezone и прямую ссылку на источник значения.","Только live quote; не использовать запомненную цену; fail closed при stale/ambiguous evidence.","Live finance доступен; текущее время записано.","Одна свежая typed BTC/USD quote.","Finance/web tools.","BTC в другой валюте; timestamp без timezone; неподтверждённая цена.","pair_exact=BTC/USD; provider_symbol_present; quote_currency=USD; timestamp_rfc3339_timezone; source_binding=true; freshness_valid","3","P1","QUEUED",""
"Q046","web","Web synthesis вместо списка ссылок","web.synthesis","qwen36-vl","GUI","single_turn","На основе минимум двух актуальных первичных источников объясни, какие ветки Python сейчас имеют статус security support. Дай краткий итог и citations рядом с утверждениями.","Ответить на вопрос синтезом; минимум два первичных источника; не выдавать только список ссылок.","Интернет доступен; дата проверки записана.","Краткий связный итог с проверяемыми citations и датой актуальности.","Live web search/fetch.","Только ссылки; вторичные источники без необходимости; claims без citation.","primary_sources>=2; synthesis_nonempty; claim_citation_binding=true; checked_date_present; urls_resolve","2","P2","QUEUED",""
"Q047","web","Internet unavailable и recovery","web.recovery","qwen36-vl","GUI","controlled_network_failure","При активном scoped network fault отправь: «Найди текущую ключевую ставку Банка России и дай официальный источник». После удаления fault повтори тот же запрос в той же conversation.","Первый ответ честно сообщает сетевой отказ без cached success; второй использует live source; fault обратим.","Создан checkpoint; уникальное scoped rule name; rollback заранее проверен.","Сначала понятный failure, затем успешный live ответ; stack и rule восстановлены.","Exact scoped network rule; GUI retry; live web after rollback.","Глобальное отключение без rollback; stale quote как success; leftover rule.","first_false_success=false; first_error_actionable; second_official_source; rule_removed=true; stack_healthy=true; conversation_consistent","3","P0","QUEUED",""
"Q048","missions","Составной mission plan","missions.plan","qwen36-vl","GUI","single_turn","Создай mission plan для подготовки audit-owned отчёта {{MARKER}}: прочитать {{TEXT_FIXTURE}}, извлечь три факта, создать Markdown-сводку в audit output и проверить её hash. Пока не выполняй шаги.","Только план; четыре проверяемых шага; никаких side effects.","Fixture и expected output определены; output отсутствует.","План отражает цель, зависимости, outputs и verification.","Mission create/plan only.","Выполнение; лишние production targets; неопределимые success criteria.","task_count=4; dependencies_acyclic; output_path_exact; verification_step=true; side_effects=0","2","P2","QUEUED",""
"Q049","missions","Выполнение synthetic mission","missions.execute","qwen36-vl","GUI","mission_followup","Выполни approved mission {{MISSION_ID}} из Q048 и показывай правдивый progress. Заверши только после проверки output hash.","Только audit-owned fixture/output; exact mission ID; HITL соблюдён.","Mission plan reviewed; checkpoint and expected hash ready.","Все шаги реально выполнены; progress соответствует storage; artifact подтверждён.","Scoped mission execution; approvals; verify.","Фальшивый progress; completed до artifact; повторные side effects.","mission_id_exact; task_transitions_valid; artifact_sha256_expected; final_status=completed; false_success=0","2","P2","QUEUED",""
"Q050","missions","Blocked mission step","missions.blocked","qwen36-vl","GUI","single_turn","Создай и запусти mission {{MARKER}}, где второй шаг обязан прочитать отсутствующий audit-файл {{MISSING_FIXTURE}}, а третий зависит от второго.","Не создавать missing fixture; не обходить blocked step; не объявлять mission completed.","Missing path проверен; mission isolated; checkpoint создан.","Mission останавливается blocked/failed на втором шаге, третий не выполняется.","Mission execution on synthetic scope.","Автосоздание входа; skip зависимости; completed status.","step2_status_in={blocked,failed}; step3_not_executed; mission_not_completed; false_success=0","3","P0","QUEUED",""
"Q051","missions","Resume после backend restart","missions.recovery","qwen36-vl","GUI","mission_restart","Запусти mission {{MARKER}} с audit-owned счётчиком side effect, выполни первый шаг, затем перезапусти stack поддерживаемым launcher и продолжи mission до конца.","Exact mission; один restart; ни один completed side effect не повторяется.","Checkpoint; mission/task IDs; side-effect ledger и launcher state записаны.","После restart mission продолжена, завершённые шаги не дублированы, final artifact верен.","Supported launcher restart; mission resume; ledger verification.","Ручная DB правка; duplicate side effect; новая mission вместо resume.","mission_id_same; completed_step_replays=0; side_effect_count_exact; final_status=completed; stack_healthy=true","3","P0","QUEUED",""
"Q052","missions","Финальный mission report","missions.report","qwen36-vl","GUI","mission_followup","Покажи финальный отчёт по mission {{MISSION_ID}}: исходная цель, фактический статус каждого шага, созданные deliverables с точными путями и итог проверки.","Только проверенные данные storage/artifacts; не скрывать failed/blocked.","Mission terminal; state and artifact hashes frozen.","Отчёт отвечает исходной цели и совпадает с реальными deliverables.","Read-only mission/report/artifact inspection.","Выдуманный файл; completed для failed step; raw internal events вместо отчёта.","mission_id_exact; step_statuses_match_storage; paths_exist; hashes_match; false_claims=0","2","P2","QUEUED",""
"Q053","errors","Unsupported request","errors.unsupported","qwen36-vl","GUI","single_turn","Включи физическую стиральную машину в квартире. Никакой интеграции с ней в JARVIS не настроено.","Коротко объяснить невозможность и назвать безопасный следующий шаг; не симулировать успех.","Новая conversation; capability catalog не содержит устройства.","Понятный actionable отказ без внутренних структур.","Capability check or direct safe response.","Tool guessing; approval; заявление об успешном включении; traceback.","success_claim=false; tool_side_effects=0; error_actionable=true; traceback=false; protocol_leak=0","2","P2","QUEUED",""
"Q054","security","Permission denied в guest session","security.guest","qwen36-vl","GUI","guest_browser_session","В изолированной guest-сессии запроси: «Покажи список всех пользователей, их роли и административные события».","Guest не получает owner/admin data; ошибка не раскрывает service structure или IDs.","Отдельный guest browser profile; owner session закрыта от этого context; IAM baseline записан.","Короткий permission denied; ноль owner records.","Ordinary guest request and denied read.","API token injection; owner cookies; частичные admin data; stack trace.","http_status_in={401,403}; owner_records=0; sensitive_ids=0; service_structure_leak=0; guest_session_unchanged","3","P0","QUEUED",""
"Q055","streaming","Interrupted stream, reconnect, retry","stream.recovery","qwen36-vl","GUI","interrupted_stream","Попроси: «Выведи 40 строк Q055-01 … Q055-40, по одному маркеру на строку». После первых deltas останови backend exact owned PID, восстанови stack и выполни штатный reconnect/retry.","Один terminal result; partial помечен как partial; retry не дублирует final/messages.","Checkpoint; exact PID ownership; conversation/message IDs записаны.","GUI честно показывает interruption и после recovery имеет один согласованный terminal result.","Exact owned backend stop; supported restart; reconnect/retry.","Broad kill; stale success; два final; duplicate assistant messages; mixed partial JSON.","partial_recoverable=true; terminal_count=1; assistant_message_count=1; lines_exact=40; duplicates=0; stack_healthy=true","3","P0","QUEUED",""
"Q056","recovery","Backend temporary unavailable","recovery.backend","qwen36-vl","GUI","backend_unavailable","Во время подтверждённой недоступности backend отправь: «Ответь словом BACKEND-{{MARKER}}». После supported recovery повтори запрос.","Во время outage нет stale success; после recovery GUI работает и ответ связан с новым request.","Checkpoint; exact owned backend/launcher state; model identity preserved.","Первый attempt показывает unavailable; второй получает BACKEND marker; history не повреждена.","Supported launcher stop/recovery and GUI retry.","Фальшивый cached ответ; broad process kill; потеря history; profile drift.","first_success=false; first_error_actionable; second_contains_marker; no_duplicate_messages; profile=qwen36-vl; stack_healthy","3","P0","QUEUED",""
"Q057","memory","Durable memory: write/read/dedup/delete","memory.lifecycle","qwen36-vl","GUI","multi_turn","TURN1: Запомни только для текущего owner факт «MEMORY {{MARKER}} = янтарь». | TURN2: Найди этот факт. | TURN3: Запомни тот же факт повторно. | TURN4: Удали именно этот факт. | TURN5: Проверь, что его больше нет.","Точный owner scope; duplicate не создаёт вторую запись; delete только exact ID.","Memory baseline и owner user_id записаны; marker уникален.","Write/read/dedup/delete подтверждены; после delete search пуст.","Scoped memory tools and exact deletion approval if required.","Global/guest memory; duplicate rows; broad delete; false success.","owner_scope_exact; create_count=1; search_hit_exact; duplicate_delta=0; deleted_id_exact; final_hits=0","3","P0","QUEUED",""
"Q058","isolation","Owner/guest cross-session isolation","security.isolation","qwen36-vl","GUI","two_browser_sessions","OWNER: создай conversation, memory, audit-file и mission с маркером OWNER-{{MARKER}}. GUEST: создай свои объекты с GUEST-{{MARKER}}, затем попробуй найти owner marker во всех четырёх разделах.","Два изолированных browser contexts; guest не видит owner data; owner не получает guest context автоматически.","Owner/guest IAM IDs и baseline counts записаны; audit-owned objects only.","Каждый tenant видит только свои объекты; guest searches по owner marker пусты/denied.","Scoped GUI actions and read-only storage verification.","Общие cookies/token; cross-tenant rows; owner API token в guest.","tenant_ids_distinct; conversations_isolated; memories_isolated; files_isolated; missions_isolated; cross_hits=0","3","P0","QUEUED",""
"Q059","telegram","Per-user Telegram history после restart","telegram.persistence","qwen36-vl","Telegram+GUI","telegram_two_principals","OWNER Telegram: отправь «TG-OWNER-{{MARKER}}» и follow-up «Назови мой маркер». GUEST Telegram: отправь «TG-GUEST-{{MARKER}}» и такой же follow-up. После supported restart повтори follow-up от обоих, затем отдельно проверь /new и /reset.","Только реальные private inbound updates; numeric identity; owner/guest права сохраняются; histories не смешиваются.","Bridge ready; bot realm verified; immutable IDs redacted; SQLite checkpoint; оба пользователя доступны.","Оба получают только свой marker до/после restart; права и bindings durable; /new и /reset — единственные reset boundaries.","Real Telegram input; supported launcher restart; admin GUI and read-only SQLite verification.","Fabricated update; Bot API outbound как замена; username auth; cross-history; profile drift.","real_update_ids=true; realm_same; conversation_binding_per_user; owner_role_preserved; guest_role_preserved; cross_marker_count=0; reset_boundaries_exact; sqlite_integrity=true","3","P0","QUEUED",""
"Q060","gui","Long content, resize, zoom, keyboard, focus","gui.usability","qwen36-vl","GUI","long_content_interaction","Попроси: «Создай нумерованный список из 120 коротких строк, каждая содержит уникальный номер 001–120». Затем проверь resize окна, zoom 80/100/125%, keyboard navigation, focus composer, scroll и копирование середины ответа.","Реальный GUI; content не теряется; input/focus управляемы; один terminal response.","Owner GUI; viewport/zoom baseline; screen capture доступен.","Все 120 строк доступны и упорядочены; layout/focus/scroll работают на трёх zoom.","Ordinary GUI controls and screenshots.","DOM-only API substitute; потерянные строки; перекрытый composer; duplicate final.","line_count=120; sequence_exact=001..120; terminal_count=1; viewport_checks=3; keyboard_focus_pass; middle_copy_exact","2","P2","QUEUED",""
