scenario_id,group_id,title,profile,surface,is_gui_e2e,priority,critical,repeat_count,repeat_policy,preconditions,steps,expected_result,validator,cleanup,status,evidence_path,operator_case_id
FUNC-0001,G03,Короткий прямой ответ,gemma4-turbo,GUI/Dialog,TRUE,P1,FALSE,2,ordinary_repeat,Owned turbo stack ready; clean campaign conversation,Submit OP-0001; wait for terminal UI state,Short complete Russian answer directly answers the question,Language check; semantic rubric twice; internal-marker scan,Delete campaign conversation after evidence,PASS,evidence/gui_operator_runs.jsonl;evidence/SEMANTIC_REVIEW_RECONCILIATION.csv,OP-0001
FUNC-0002,G03,Сложная тема простыми словами,gemma4-turbo,GUI/Dialog,TRUE,P1,FALSE,2,ordinary_repeat,Owned turbo stack ready,Submit OP-0002; capture stream and final,Plain-language explanation without unexplained jargon,Semantic rubric twice; readability review; marker scan,Delete campaign conversation after evidence,PASS,evidence/gui_operator_runs.jsonl;evidence/SEMANTIC_REVIEW_RECONCILIATION.csv,OP-0002
FUNC-0003,G03,Сравнение по заданным критериям,gemma4-turbo,GUI/Dialog,TRUE,P1,FALSE,2,ordinary_repeat,Owned turbo stack ready,Submit OP-0003; inspect all requested criteria,Comparison covers only requested criteria and gives a useful conclusion,Criterion coverage validator; semantic rubric twice,Delete campaign conversation after evidence,PASS,evidence/gui_operator_runs.jsonl;evidence/SEMANTIC_REVIEW_RECONCILIATION.csv,OP-0003
FUNC-0004,G03,Суммирование предоставленного текста,gemma4-turbo,GUI/Dialog,TRUE,P1,FALSE,2,ordinary_repeat,Owned turbo stack ready,Paste synthetic text from OP-0004; submit,Summary retains key facts and invents none,Fact checklist; semantic rubric twice; marker scan,Delete campaign conversation after evidence,PASS,evidence/gui_operator_runs.jsonl;evidence/SEMANTIC_REVIEW_RECONCILIATION.csv,OP-0004
FUNC-0005,G05,Задача без tools не запускает tools,gemma4-turbo,GUI/Dialog plus tool records,TRUE,P0,TRUE,3,critical_repeat,Owned turbo stack; baseline tool-run count recorded,Submit OP-0005; inspect response and campaign-time tool records,Correct answer with zero irrelevant tool calls,Before/after tool-run diff; response integrity scan,Delete conversation; retain read-only evidence,PASS,evidence/gui_operator_runs.jsonl;evidence/SEMANTIC_REVIEW_RECONCILIATION.csv,OP-0005
FUNC-0006,G03,Ровно одно предложение,gemma4-turbo,GUI/Dialog,TRUE,P1,FALSE,2,ordinary_repeat,Owned turbo stack ready,Submit OP-0006,Exactly one grammatical sentence and no preamble,Sentence-count validator; marker scan,Delete campaign conversation,FAIL,evidence/gui_operator_runs.jsonl;evidence/SEMANTIC_REVIEW_RECONCILIATION.csv,OP-0006
FUNC-0007,G03,Ровно пять пунктов,gemma4-turbo,GUI/Dialog,TRUE,P1,FALSE,2,ordinary_repeat,Owned turbo stack ready,Submit OP-0007,Exactly five nonempty list items and no sixth item,Markdown/list-count validator,Delete campaign conversation,FAIL,evidence/gui_operator_runs.jsonl;evidence/SEMANTIC_REVIEW_RECONCILIATION.csv,OP-0007
FUNC-0008,G03,Markdown table,gemma4-turbo,GUI/Dialog,TRUE,P1,FALSE,2,ordinary_repeat,Owned turbo stack ready,Submit OP-0008,One valid table with requested columns and values,Markdown table parser; cell checklist,Delete campaign conversation,PASS,evidence/gui_operator_runs.jsonl;evidence/SEMANTIC_REVIEW_RECONCILIATION.csv,OP-0008
FUNC-0009,G03,Обычный prose без JSON и служебных вставок,gemma4-turbo,GUI/Dialog,TRUE,P0,TRUE,3,critical_repeat,Owned turbo stack ready,Submit OP-0009; reconstruct rendered and transport final,"Natural prose only; no JSON envelope, tool structure, role marker or duplicate final",Known-marker scan; JSON-envelope detector; stream/final equality,Delete campaign conversation,PASS,evidence/gui_operator_runs.jsonl;evidence/SEMANTIC_REVIEW_RECONCILIATION.csv,OP-0009
FUNC-0010,G03,Валидный JSON по явному запросу,gemma4-turbo,GUI/Dialog,TRUE,P1,FALSE,2,ordinary_repeat,Owned turbo stack ready,Submit OP-0010; copy exact response text,Valid JSON matching requested keys; no Markdown fence or extra prose,JSON parser and exact-key schema validator,Delete campaign conversation,FAIL,evidence/gui_operator_runs.jsonl;evidence/SEMANTIC_REVIEW_RECONCILIATION.csv,OP-0010
FUNC-0011,G03,Сначала результат затем объяснение,gemma4-turbo,GUI/Dialog,TRUE,P1,FALSE,2,ordinary_repeat,Owned turbo stack ready,Submit OP-0011,First line contains result; following text is a short explanation,Ordered-section validator; semantic rubric twice,Delete campaign conversation,PASS,evidence/gui_operator_runs.jsonl;evidence/SEMANTIC_REVIEW_RECONCILIATION.csv,OP-0011
FUNC-0012,G03,Русский ответ на mixed-language source,gemma4-turbo,GUI/Dialog,TRUE,P1,FALSE,2,ordinary_repeat,Owned turbo stack ready,Submit mixed-language material from OP-0012,Entire user-facing answer is Russian except unavoidable identifiers,Language classifier; identifier allowlist,Delete campaign conversation,PASS,evidence/gui_operator_runs.jsonl;evidence/SEMANTIC_REVIEW_RECONCILIATION.csv,OP-0012
FUNC-0013,G06,Точный filename path и output type,gemma4-turbo,GUI/Dialog and generated artifact,TRUE,P0,TRUE,3,critical_repeat,Campaign output root exists and is empty for case marker,Submit OP-0013; wait for claimed artifact; inspect path,Artifact exists at exact allowed path with requested type and content; response names the real path,Existence; extension; hash; content validator; false-success scan,Retain artifact under campaign evidence; remove only disposable duplicate,FAIL,evidence/gui_operator_runs.jsonl;evidence/SEMANTIC_REVIEW_RECONCILIATION.csv,OP-0013
FUNC-0014,G04,Ссылка местоимением это,gemma4-turbo,GUI/Dialog multi-turn,TRUE,P1,FALSE,2,ordinary_repeat,Owned turbo stack; new campaign conversation,Send setup turn then OP-0014 follow-up,Follow-up resolves the intended prior object without unnecessary question,Expected-reference checklist; semantic rubric twice,Delete campaign conversation,FAIL,evidence/gui_operator_runs.jsonl;evidence/SEMANTIC_REVIEW_RECONCILIATION.csv,OP-0014
FUNC-0015,G04,Ссылка второй вариант,gemma4-turbo,GUI/Dialog multi-turn,TRUE,P1,FALSE,2,ordinary_repeat,Owned turbo stack; new campaign conversation,Ask for three options then OP-0015,Only the second option is expanded and identity is preserved,Option-index validator; semantic rubric twice,Delete campaign conversation,PASS,evidence/gui_operator_runs.jsonl;evidence/SEMANTIC_REVIEW_RECONCILIATION.csv,OP-0015
FUNC-0016,G06,Ссылка тот файл,gemma4-turbo,GUI/Dialog with attachment,TRUE,P1,FALSE,2,ordinary_repeat,Synthetic file uploaded in current conversation,Ask about file then submit OP-0016,Answer uses the intended uploaded file and cites its actual name,File marker/fact validator; attachment ID match,Delete conversation; retain namespaced upload,FAIL,evidence/gui_operator_runs.jsonl;evidence/SEMANTIC_REVIEW_RECONCILIATION.csv,OP-0016
FUNC-0017,G04,Изменение одного ограничения,gemma4-turbo,GUI/Dialog multi-turn,TRUE,P0,TRUE,3,critical_repeat,Owned turbo stack; new conversation,Set several constraints; submit OP-0017 changing one,"Only named constraint changes; language, scope and format remain",Constraint matrix validator; semantic rubric twice,Delete campaign conversation,PASS,evidence/gui_operator_runs.jsonl;evidence/SEMANTIC_REVIEW_RECONCILIATION.csv,OP-0017
FUNC-0018,G04,Исправление предыдущего ответа,gemma4-turbo,GUI/Dialog multi-turn,TRUE,P1,FALSE,2,ordinary_repeat,Create prior answer containing a planted correctable issue,Submit OP-0018,Corrected answer fixes the issue and does not defend the error or lose constraints,Before/after fact and constraint diff,Delete campaign conversation,PASS,evidence/gui_operator_runs.jsonl;evidence/SEMANTIC_REVIEW_RECONCILIATION.csv,OP-0018
FUNC-0019,G04,Возврат к исходной цели после follow-up,gemma4-turbo,GUI/Dialog long multi-turn,TRUE,P1,FALSE,2,ordinary_repeat,Owned turbo stack; bounded 8-turn synthetic conversation,Run setup and follow-ups; submit OP-0019,Final returns to original goal with retained constraints and no cross-topic residue,Goal/constraint checklist; semantic rubric twice,Delete campaign conversation,INCONCLUSIVE,evidence/gui_operator_runs.jsonl;evidence/SEMANTIC_REVIEW_RECONCILIATION.csv,OP-0019
FUNC-0020,G04,Две параллельные conversations,gemma4-turbo,GUI/Dialog windows,TRUE,P0,TRUE,3,critical_repeat,Two new chat windows with distinct secret markers,Interleave turns from OP-0020 in both windows; reload history,Each final contains only its own marker and constraints,Cross-session marker matrix; conversation/message ID check,Delete both campaign conversations,PASS,evidence/gui_operator_runs.jsonl;evidence/SEMANTIC_REVIEW_RECONCILIATION.csv,OP-0020
FUNC-0021,G04,Новая conversation без старых временных инструкций,gemma4-turbo,GUI/Dialog windows,TRUE,P0,TRUE,3,critical_repeat,One conversation has a temporary formatting rule,Open a new window; submit OP-0021,New conversation ignores old temporary rule and contains no old marker,Negative marker and format scan; conversation ID check,Delete both campaign conversations,PASS,evidence/gui_operator_runs.jsonl;evidence/SEMANTIC_REVIEW_RECONCILIATION.csv,OP-0021
FUNC-0022,G03,Однозначная задача без уточнения,gemma4-turbo,GUI/Dialog,TRUE,P1,FALSE,2,ordinary_repeat,Owned turbo stack ready,Submit OP-0022,Task is completed directly with zero clarification questions,Question-count and completion validator,Delete campaign conversation,PASS,evidence/gui_operator_runs.jsonl;evidence/SEMANTIC_REVIEW_RECONCILIATION.csv,OP-0022
FUNC-0023,G03,Реальная неоднозначность и один вопрос,gemma4-turbo,GUI/Dialog multi-turn,TRUE,P1,FALSE,2,ordinary_repeat,Owned turbo stack ready,Submit ambiguous first turn from OP-0023; answer the clarification,Exactly one precise question is asked; after answer the original task is completed,Question-count; relevance check; completion rubric twice,Delete campaign conversation,FAIL,evidence/gui_operator_runs.jsonl;evidence/SEMANTIC_REVIEW_RECONCILIATION.csv,OP-0023
FUNC-0024,G03,Безопасный default с assumption,gemma4-turbo,GUI/Dialog,TRUE,P1,FALSE,2,ordinary_repeat,Owned turbo stack ready,Submit OP-0024,Uses the obvious harmless default; states the assumption briefly; completes the task,Assumption and completion checklist,Delete campaign conversation,FAIL,evidence/gui_operator_runs.jsonl;evidence/SEMANTIC_REVIEW_RECONCILIATION.csv,OP-0024
FUNC-0025,G06,Загрузить и пересказать synthetic document,gemma4-turbo,GUI/Dialog attachment,TRUE,P0,TRUE,3,critical_repeat,Unique synthetic text document prepared; file baseline recorded,Upload file; submit OP-0025,Summary is grounded in the uploaded document and names it correctly,Source fact checklist; file/message IDs; marker scan,Retain namespaced upload; delete conversation,FAIL,evidence/gui_operator_runs.jsonl;evidence/SEMANTIC_REVIEW_RECONCILIATION.csv,OP-0025
FUNC-0026,G06,Найти факт в документе,gemma4-turbo,GUI/Dialog attachment,TRUE,P1,FALSE,2,ordinary_repeat,Synthetic document contains one unique fact marker,Upload or reuse current attachment; submit OP-0026,Returns exact fact with no invented adjacent detail,Exact marker validator; semantic rubric twice,Retain namespaced upload; delete conversation,FAIL,evidence/gui_operator_runs.jsonl;evidence/SEMANTIC_REVIEW_RECONCILIATION.csv,OP-0026
FUNC-0027,G06,Сравнить два документа,gemma4-turbo,GUI/Dialog attachments,TRUE,P1,FALSE,2,ordinary_repeat,Two synthetic documents with controlled differences prepared,Attach both; submit OP-0027,Comparison covers requested dimensions and attributes each fact to correct file,Controlled-difference matrix; filename attribution,Retain namespaced uploads; delete conversation,PASS,evidence/gui_operator_runs.jsonl;evidence/SEMANTIC_REVIEW_RECONCILIATION.csv,OP-0027
FUNC-0028,G06,Извлечь таблицу и структуру,gemma4-turbo,GUI/Dialog attachment,TRUE,P1,FALSE,2,ordinary_repeat,Synthetic document includes a known table and headings,Upload; submit OP-0028,"Output contains exact rows, columns and heading hierarchy in requested form",Structured parser; exact cell and heading checks,Retain namespaced upload; delete conversation,FAIL,evidence/gui_operator_runs.jsonl;evidence/SEMANTIC_REVIEW_RECONCILIATION.csv,OP-0028
FUNC-0029,G06,Создать новый artifact,gemma4-turbo,GUI/Dialog and artifact,TRUE,P0,TRUE,3,critical_repeat,Dedicated empty campaign output directory,Submit OP-0029; wait for terminal result,A nonempty unique artifact exists and response reports its exact path,Existence/hash/content; claimed-path equality; false-success scan,Retain artifact as evidence,FAIL,evidence/gui_operator_runs.jsonl;evidence/SEMANTIC_REVIEW_RECONCILIATION.csv,OP-0029
FUNC-0030,G06,Изменить только копию,gemma4-turbo,GUI/Dialog and artifact,TRUE,P0,TRUE,3,critical_repeat,Source document copied to campaign input; source hash recorded,Submit OP-0030; inspect source and output,Original hash is unchanged; edited copy contains only requested change,Pre/post hashes; controlled diff; path check,Retain source and output under evidence,FAIL,evidence/gui_operator_runs.jsonl;evidence/SEMANTIC_REVIEW_RECONCILIATION.csv,OP-0030
FUNC-0031,G06,Преобразовать формат,gemma4-turbo,GUI/Dialog and artifact,TRUE,P1,FALSE,2,ordinary_repeat,Synthetic source document and output root prepared,Submit OP-0031,Requested format opens/parses and preserves controlled content,Parser open; text/table equality; file type signature,Retain outputs under evidence,FAIL,evidence/gui_operator_runs.jsonl;evidence/SEMANTIC_REVIEW_RECONCILIATION.csv,OP-0031
FUNC-0032,G06,Повторно обратиться к ранее загруженному файлу,gemma4-turbo,GUI/Dialog history,TRUE,P1,FALSE,2,ordinary_repeat,File indexed in earlier campaign conversation; unique marker known,Open a fresh conversation; submit OP-0032 naming the file,System resolves the persisted source and answers from its content,Filename/source ID; exact marker; no wrong-file facts,Delete conversation; retain namespaced file,FAIL,evidence/gui_operator_runs.jsonl;evidence/SEMANTIC_REVIEW_RECONCILIATION.csv,OP-0032
FUNC-0033,G06,Повреждённый или unsupported файл,gemma4-turbo,GUI/Dialog attachment error,TRUE,P0,TRUE,3,critical_repeat,Small synthetic corrupt file prepared; output directory baseline recorded,Upload and submit OP-0033,Short actionable error; no traceback; no success claim; no partial published output,Error-text rubric; marker scan; output-dir diff,Retain corrupt fixture; remove disposable temp only,FAIL,evidence/gui_operator_runs.jsonl;evidence/SEMANTIC_REVIEW_RECONCILIATION.csv,OP-0033
FUNC-0034,G06,Concurrent generation без перезаписи,gemma4-turbo,GUI/two dialog windows and artifacts,TRUE,P0,TRUE,3,critical_repeat,Two conversations; same requested basename; output baseline recorded,Submit OP-0034 concurrently in both windows,Both requests finish with distinct existing outputs; neither overwrites the other,Artifact count; unique paths; hashes; cross-session marker matrix,Retain both outputs as evidence,FAIL,evidence/gui_operator_runs.jsonl;evidence/SEMANTIC_REVIEW_RECONCILIATION.csv,OP-0034
FUNC-0035,G02,Status profile model truth,gemma4-turbo,GUI/System and Models,TRUE,P0,TRUE,3,critical_repeat,Turbo stack ready; launcher/API identity captured,Open System and Models; submit OP-0035 in chat,"GUI and answer match launcher, provider, API and loaded model identity",Five-layer identity equality validator,Read-only; no cleanup,INCONCLUSIVE,evidence/gui_operator_runs.jsonl;evidence/SEMANTIC_REVIEW_RECONCILIATION.csv,OP-0035
FUNC-0036,G10,Диагностика read-only и benchmark,gemma4-turbo,GUI/Diagnostics and Resources,TRUE,P1,FALSE,2,ordinary_repeat,Turbo stack ready; baseline state hashes/counters recorded,Run diagnostics and bounded benchmark; submit OP-0036,Results show measured status; read-only diagnostics do not mutate protected state,API/UI value comparison; state diff allowlist; latency capture,Retain benchmark record; restore no settings,FAIL,evidence/gui_operator_runs.jsonl;evidence/SEMANTIC_REVIEW_RECONCILIATION.csv,OP-0036
FUNC-0037,G05,Безопасное действие и точный approval,gemma4-turbo,GUI/Dialog and Approvals,TRUE,P0,TRUE,3,critical_repeat,Harmless namespaced action fixture prepared; state baseline recorded,Submit OP-0037; inspect gate; approve and execute once,Only exact action executes once; bound arguments match; final reflects actual state,Approval/action binding; audit/tool records; postcondition; replay rejection,Remove only created campaign object; verify baseline,FAIL,evidence/gui_operator_runs.jsonl;evidence/SEMANTIC_REVIEW_RECONCILIATION.csv,OP-0037
FUNC-0038,G07,Web synthesis с citations,gemma4-turbo,GUI/Dialog and Internet,TRUE,P0,TRUE,3,critical_repeat,External connectivity available or environment blocker recorded,Submit OP-0038; inspect result and provenance,Useful synthesis with valid citations and live/cached/stale indication; no bare-link handoff,URL reachability; claim/source mapping; handoff detector; marker scan,No browser session retained; delete conversation,FAIL,evidence/gui_operator_runs.jsonl;evidence/SEMANTIC_REVIEW_RECONCILIATION.csv,OP-0038
FUNC-0039,G08,Mission plan execution progress final report,gemma4-turbo,GUI/Missions,TRUE,P0,TRUE,3,critical_repeat,Read-only synthetic mission fixture; owned runtime; unique marker,Submit OP-0039; create mission; run to terminal state; open report,Steps actually run; progress is truthful; final report answers goal and lists real deliverables,Mission/task/event state; artifact existence; report rubric twice; false-success scan,Retain mission evidence; no host mutation,FAIL,evidence/gui_operator_runs.jsonl;evidence/SEMANTIC_REVIEW_RECONCILIATION.csv,OP-0039
FUNC-0040,G12,GUI stream interrupt reconnect и stale-success,gemma4-turbo,GUI/Dialog panels and trace,TRUE,P0,TRUE,3,critical_repeat,Owned backend/frontend; reversible stream interruption fixture,Submit OP-0040; interrupt once; reconnect/retry; inspect panels and trace,One coherent final or honest interruption; no duplicate/partial/stale success; panels recover,NDJSON reconstruction; DOM final count; trace/message IDs; error rubric,Restore services; delete campaign conversation,FAIL,evidence/gui_operator_runs.jsonl;evidence/SEMANTIC_REVIEW_RECONCILIATION.csv,OP-0040
FUNC-0041,G09,Namespaced memory persona learning,gemma4-turbo,GUI/Memory and Dialog,TRUE,P1,FALSE,2,ordinary_repeat,Persona snapshot saved; memory namespace audit.functional run ID,Submit OP-0041; add unique memory; query by paraphrase; test persona fact; bounded learning if isolated,Correct campaign fact is recalled; original persona restored; learning counts are truthful or safely blocked,Namespace and marker lookup; persona before/after equality; event counts,Restore persona; retain namespaced memory intentionally,INCONCLUSIVE,evidence/gui_operator_runs.jsonl;evidence/SEMANTIC_REVIEW_RECONCILIATION.csv,OP-0041
FUNC-0042,G11,Autonomy routine self-heal safe mode,gemma4-turbo,GUI/Diagnostics and autonomy panels,TRUE,P0,TRUE,3,critical_repeat,Safe autonomy policy snapshot; no destructive fixture,Submit OP-0042; run diagnostics routine and self-heal proposal,Produces measured results and safe suggestions or approval; no silent host mutation,Policy/state diff; audit records; approval presence; semantic rubric twice,Restore policy snapshot; cancel campaign jobs,PASS,evidence/gui_operator_runs.jsonl;evidence/SEMANTIC_REVIEW_RECONCILIATION.csv,OP-0042
FUNC-0043,G13,Offline local core и network recovery,gemma4-turbo,GUI/Dialog and Internet,TRUE,P0,TRUE,3,critical_repeat,Loopback-preserving reversible external-network fixture proven,Isolate external network; submit OP-0043 local and web turns; restore; retry web,Local core works; web failure is honest/actionable; retry succeeds after restore without stale state,Connectivity probes; response/error rubric; final state check,Restore connectivity and verify normal smoke,INCONCLUSIVE,evidence/gui_operator_runs.jsonl;evidence/SEMANTIC_REVIEW_RECONCILIATION.csv,OP-0043
FUNC-0044,G01,Startup restart и GUI status truth,gemma4-turbo,Launcher plus GUI/System,TRUE,P0,TRUE,3,critical_repeat,Checkpointed owned stack/process/port baseline,Start or restart turbo via launcher; open GUI; submit OP-0044,"GUI status exactly matches owned services, profile and readiness during and after transition",Launcher state; process birth IDs; ports; API/UI equality,Return to documented initial runtime state,FAIL,evidence/gui_operator_runs.jsonl;evidence/SEMANTIC_REVIEW_RECONCILIATION.csv,OP-0044
FUNC-0045,G03,Mono-perf direct answer,gemma4-mono-perf,GUI/Dialog,TRUE,P1,FALSE,2,ordinary_repeat,Owned mono-perf stack ready; clean conversation,Submit OP-0045,Complete useful Russian answer within bounded token budget,Semantic rubric twice; language and marker scan,Delete campaign conversation,INCONCLUSIVE,evidence/gui_operator_runs.jsonl;evidence/PROFILE_SEMANTIC_REVIEW_RECONCILIATION.csv,OP-0045
FUNC-0046,G03,Mono-perf strict format,gemma4-mono-perf,GUI/Dialog,TRUE,P1,FALSE,2,ordinary_repeat,Owned mono-perf stack ready,Submit OP-0046,Exactly four requested bullets and no preamble,List-count validator; constraint scan,Delete campaign conversation,INCONCLUSIVE,evidence/gui_operator_runs.jsonl;evidence/PROFILE_SEMANTIC_REVIEW_RECONCILIATION.csv,OP-0046
FUNC-0047,G04,Mono-perf multi-turn constraints,gemma4-mono-perf,GUI/Dialog multi-turn,TRUE,P0,TRUE,3,critical_repeat,Owned mono-perf stack; new conversation,Run setup and OP-0047 follow-up,Changes one requested element and retains all other constraints,Constraint matrix; semantic rubric twice,Delete campaign conversation,INCONCLUSIVE,evidence/gui_operator_runs.jsonl;evidence/PROFILE_SEMANTIC_REVIEW_RECONCILIATION.csv,OP-0047
FUNC-0048,G03,Mono-perf stream integrity,gemma4-mono-perf,GUI/Dialog stream,TRUE,P0,TRUE,3,critical_repeat,Owned mono-perf stack ready,Submit OP-0048; capture NDJSON and rendered final,One coherent non-truncated final; no transport or tool fragments,Stream reconstruction; terminal-count; marker scan,Delete campaign conversation,INCONCLUSIVE,evidence/gui_operator_runs.jsonl;evidence/PROFILE_SEMANTIC_REVIEW_RECONCILIATION.csv,OP-0048
FUNC-0049,G05,Mono-perf ordinary safe tool,gemma4-mono-perf,GUI/Dialog and tool record,TRUE,P1,FALSE,2,ordinary_repeat,Read-only system status tool available,Submit OP-0049,Tool runs only as needed and answer reports actual status rather than raw output,Tool/audit record; state comparison; marker scan,Read-only; delete conversation,INCONCLUSIVE,evidence/gui_operator_runs.jsonl;evidence/PROFILE_SEMANTIC_REVIEW_RECONCILIATION.csv,OP-0049
FUNC-0050,G06,Mono-perf document fact,gemma4-mono-perf,GUI/Dialog attachment,TRUE,P1,FALSE,2,ordinary_repeat,Small synthetic document with unique marker prepared,Upload; submit OP-0050,Exact requested fact is returned and source file is identified,Exact marker and filename validator,Retain namespaced upload; delete conversation,FAIL,evidence/gui_operator_runs.jsonl;evidence/PROFILE_SEMANTIC_REVIEW_RECONCILIATION.csv,OP-0050
FUNC-0051,G12,Mono-perf failure and recovery,gemma4-mono-perf,GUI/Dialog error and retry,TRUE,P0,TRUE,3,critical_repeat,Reversible unsupported-file or tool-unavailable fixture,Submit OP-0051 failing request; correct fixture; retry,First error is concise/actionable and not success; retry succeeds without stale partial output,Error rubric; output diff; retry final integrity,Restore fixture; delete conversation,INCONCLUSIVE,evidence/gui_operator_runs.jsonl;evidence/PROFILE_SEMANTIC_REVIEW_RECONCILIATION.csv,OP-0051
FUNC-0052,G08,Mono-perf mission final result,gemma4-mono-perf,GUI/Missions,TRUE,P0,TRUE,3,critical_repeat,Small read-only two-step mission fixture,Submit OP-0052; run mission; open report,Mission executes steps and final report answers goal with real results,Task/progress/report state; semantic rubric twice; false-success scan,Retain mission evidence; no host mutation,INCONCLUSIVE,evidence/gui_operator_runs.jsonl;evidence/PROFILE_SEMANTIC_REVIEW_RECONCILIATION.csv,OP-0052
FUNC-0053,G03,Mono-perf absence of internal output leak,gemma4-mono-perf,GUI/Dialog,TRUE,P0,TRUE,3,critical_repeat,Owned mono-perf stack ready,Submit OP-0053 ordinary prose request; inspect transport and DOM,"No raw tool call, event, role, schema, JSON envelope or internal instruction fragment",Known-marker scan; envelope detector; rendered/transport comparison,Delete campaign conversation,INCONCLUSIVE,evidence/gui_operator_runs.jsonl;evidence/PROFILE_SEMANTIC_REVIEW_RECONCILIATION.csv,OP-0053
FUNC-0054,G04,Mono-perf conversation isolation,gemma4-mono-perf,GUI/two dialog windows,TRUE,P0,TRUE,3,critical_repeat,Two conversations with unique markers,Interleave OP-0054 turns; reload both,No marker or temporary instruction crosses conversations,Marker matrix; conversation/message ID checks,Delete both conversations,INCONCLUSIVE,evidence/gui_operator_runs.jsonl;evidence/PROFILE_SEMANTIC_REVIEW_RECONCILIATION.csv,OP-0054
FUNC-0055,G02,Mono-perf profile model and diagnostics truth,gemma4-mono-perf,GUI/System Models Resources,TRUE,P0,TRUE,3,critical_repeat,Mono-perf dispatcher ready; identities captured independently,Open panels; submit OP-0055,UI and answer identify mono-perf and real 31B model; telemetry is current,Launcher/config/container/provider/API/UI equality,Read-only; no cleanup,INCONCLUSIVE,evidence/gui_operator_runs.jsonl;evidence/PROFILE_SEMANTIC_REVIEW_RECONCILIATION.csv,OP-0055
FUNC-0056,G07,Mono-perf web result or honest unavailability,gemma4-mono-perf,GUI/Dialog and Internet,TRUE,P1,FALSE,2,ordinary_repeat,Connectivity state recorded,Submit OP-0056,Returns synthesized cited result or precise environment blocker; never bare-link handoff,Citation/reachability or blocker rubric; marker scan,Delete conversation; close campaign browser session,INCONCLUSIVE,evidence/gui_operator_runs.jsonl;evidence/PROFILE_SEMANTIC_REVIEW_RECONCILIATION.csv,OP-0056
FUNC-0057,G03,Mono direct answer,gemma4-mono,GUI/Dialog,TRUE,P1,FALSE,2,ordinary_repeat,Owned mono stack ready; bounded prompt,Submit OP-0057,Complete useful Russian answer within bounded token budget,Semantic rubric twice; language and marker scan,Delete campaign conversation,INCONCLUSIVE,evidence/gui_operator_runs.jsonl;evidence/PROFILE_SEMANTIC_REVIEW_RECONCILIATION.csv,OP-0057
FUNC-0058,G03,Mono strict format,gemma4-mono,GUI/Dialog,TRUE,P1,FALSE,2,ordinary_repeat,Owned mono stack ready,Submit OP-0058,Exactly three requested table rows and requested columns,Markdown table parser; row/column count,Delete campaign conversation,INCONCLUSIVE,evidence/gui_operator_runs.jsonl;evidence/PROFILE_SEMANTIC_REVIEW_RECONCILIATION.csv,OP-0058
FUNC-0059,G04,Mono multi-turn constraints,gemma4-mono,GUI/Dialog multi-turn,TRUE,P0,TRUE,3,critical_repeat,Owned mono stack; new conversation,Run setup and OP-0059 follow-up,Resolves prior reference and retains unchanged constraints,Reference and constraint matrix; semantic rubric twice,Delete campaign conversation,INCONCLUSIVE,evidence/gui_operator_runs.jsonl;evidence/PROFILE_SEMANTIC_REVIEW_RECONCILIATION.csv,OP-0059
FUNC-0060,G03,Mono stream integrity,gemma4-mono,GUI/Dialog stream,TRUE,P0,TRUE,3,critical_repeat,Owned mono stack ready,Submit OP-0060; capture NDJSON and rendered final,One coherent non-truncated final; no duplicate terminal or internal chunks,Stream reconstruction; terminal-count; marker scan,Delete campaign conversation,INCONCLUSIVE,evidence/gui_operator_runs.jsonl;evidence/PROFILE_SEMANTIC_REVIEW_RECONCILIATION.csv,OP-0060
FUNC-0061,G05,Mono ordinary safe tool,gemma4-mono,GUI/Dialog and tool record,TRUE,P1,FALSE,2,ordinary_repeat,Read-only status tool available,Submit OP-0061,Only necessary safe tool runs and final describes actual state,Tool/audit record; state comparison; marker scan,Read-only; delete conversation,INCONCLUSIVE,evidence/gui_operator_runs.jsonl;evidence/PROFILE_SEMANTIC_REVIEW_RECONCILIATION.csv,OP-0061
FUNC-0062,G06,Mono document fact,gemma4-mono,GUI/Dialog attachment,TRUE,P1,FALSE,2,ordinary_repeat,Small synthetic document with unique marker prepared,Upload; submit OP-0062,Exact requested fact and source filename are returned,Exact marker and filename validator,Retain namespaced upload; delete conversation,INCONCLUSIVE,evidence/gui_operator_runs.jsonl;evidence/PROFILE_SEMANTIC_REVIEW_RECONCILIATION.csv,OP-0062
FUNC-0063,G12,Mono failure and recovery,gemma4-mono,GUI/Dialog error and retry,TRUE,P0,TRUE,3,critical_repeat,Reversible unsupported-file or tool-unavailable fixture,Submit OP-0063 failing request; restore capability; retry,First error is honest/actionable; retry succeeds with no stale success or partial output,Error rubric; output diff; retry integrity,Restore fixture; delete conversation,INCONCLUSIVE,evidence/gui_operator_runs.jsonl;evidence/PROFILE_SEMANTIC_REVIEW_RECONCILIATION.csv,OP-0063
FUNC-0064,G08,Mono mission final result,gemma4-mono,GUI/Missions,TRUE,P0,TRUE,3,critical_repeat,Small read-only two-step mission fixture,Submit OP-0064; run mission; open report,Mission executes steps and final report answers goal with real results,Task/progress/report state; semantic rubric twice; false-success scan,Retain mission evidence; no host mutation,INCONCLUSIVE,evidence/gui_operator_runs.jsonl;evidence/PROFILE_SEMANTIC_REVIEW_RECONCILIATION.csv,OP-0064
FUNC-0065,G03,Mono absence of internal output leak,gemma4-mono,GUI/Dialog,TRUE,P0,TRUE,3,critical_repeat,Owned mono stack ready,Submit OP-0065 ordinary prose request; inspect transport and DOM,"No raw tool call, event, role, schema, JSON envelope or internal instruction fragment",Known-marker scan; envelope detector; rendered/transport comparison,Delete campaign conversation,INCONCLUSIVE,evidence/gui_operator_runs.jsonl;evidence/PROFILE_SEMANTIC_REVIEW_RECONCILIATION.csv,OP-0065
FUNC-0066,G04,Mono conversation isolation,gemma4-mono,GUI/two dialog windows,TRUE,P0,TRUE,3,critical_repeat,Two conversations with unique markers,Interleave OP-0066 turns; reload both,No marker or temporary instruction crosses conversations,Marker matrix; conversation/message ID checks,Delete both conversations,INCONCLUSIVE,evidence/gui_operator_runs.jsonl;evidence/PROFILE_SEMANTIC_REVIEW_RECONCILIATION.csv,OP-0066
FUNC-0067,G02,Mono profile model and diagnostics truth,gemma4-mono,GUI/System Models Resources,TRUE,P0,TRUE,3,critical_repeat,Mono dispatcher ready; identities captured independently,Open panels; submit OP-0067,UI and answer identify mono profile and real 31B model; telemetry is current,Launcher/config/container/provider/API/UI equality,Read-only; no cleanup,INCONCLUSIVE,evidence/gui_operator_runs.jsonl;evidence/PROFILE_SEMANTIC_REVIEW_RECONCILIATION.csv,OP-0067
FUNC-0068,G07,Mono web result or honest unavailability,gemma4-mono,GUI/Dialog and Internet,TRUE,P1,FALSE,2,ordinary_repeat,Connectivity state recorded,Submit OP-0068,Returns synthesized cited result or precise environment blocker; never bare-link handoff,Citation/reachability or blocker rubric; marker scan,Delete conversation; close campaign browser session,INCONCLUSIVE,evidence/gui_operator_runs.jsonl;evidence/PROFILE_SEMANTIC_REVIEW_RECONCILIATION.csv,OP-0068
FUNC-0069,G01,Launcher cold start,all_active,Launcher/process/API,FALSE,P0,TRUE,3,critical_repeat_per_profile,Checkpoint and ownership manifest; required local assets present,From documented stopped state run jarvis.cmd start for each profile; measure readiness,Owned services reach truthful ready/degraded state without pull or hidden dependency action,Exit code; process birth IDs; ports; health; readiness; logs sanitized,Stop only owned stack and return to per-profile baseline,FAIL,evidence/isolated-launch-turbo-process-v2.json;evidence/mono-startup-timeout-20m.json;evidence/mono-ready-after-27m.json,
FUNC-0070,G01,Launcher warm and repeated start,all_active,Launcher/process/API,FALSE,P1,FALSE,2,ordinary_repeat_per_profile,Each profile already ready and ownership recorded,Repeat start and app commands; observe reuse and process identities,No duplicate services; compatible dispatcher is reused; app mode preserves existing LLM,PID/container identity; port-owner diff; launcher state,Return to original owned state,FAIL,evidence/startup-gemma4-turbo-warm.json;evidence/startup-gemma4-turbo-warm-r2.json;evidence/startup-gemma4-turbo-warm-r3.json,
FUNC-0071,G01,Stop restart and ownership,all_active,Launcher/process/API,FALSE,P0,TRUE,3,critical_repeat_per_profile,Owned and reused-dispatcher fixtures separately proven,Restart owned stack; stop; repeat with reused dispatcher fixture,Owned services stop/restart cleanly; reused dispatcher is never stopped,Process tree and container IDs; port closure; state-file ownership,Return to documented initial state,INCONCLUSIVE,evidence/stop-default-stack.json;evidence/status-turbo-final.json;evidence/stop-before-startup-faults.json;evidence/startup-fault-fixtures.json,
FUNC-0072,G01,Partial stack occupied port interrupted startup,gemma4-turbo,Launcher/process,FALSE,P1,FALSE,2,ordinary_repeat,Reversible owned port-holder and startup interruption fixtures,Exercise partial stack; non-Jarvis occupied port; interrupted startup,Launcher fails clearly and preserves unrelated process; no stale success; bounded cleanup,Exit/error text; process identity; ports; launcher state,Stop fixtures by recorded PID; restore normal stack,PASS,evidence/startup-fault-fixtures.json,
FUNC-0073,G02,Unknown profile and malformed config,all_active,Launcher/CLI/config,FALSE,P1,FALSE,1,deterministic_single_binary_validation,No service mutation required,Invoke unknown profile and controlled malformed copied config,Rejected before mutation with valid-profile guidance and nonzero outcome,Exit code; exact profile allowlist; no process/state diff,Delete copied config fixture,BLOCKED_BY_SPEC,evidence/startup-unknown-profile.json,
FUNC-0074,G01,Full doctor smoke,gemma4-turbo,doctor.ps1/smoke.py,FALSE,P1,FALSE,1,deterministic_single_full_suite_once,Repository dependencies installed; campaign state recorded,Run scripts/doctor.ps1 once including frontend and optional HTTP probes,All required checks have binary final status; optional gaps are labeled degraded,Pytest/ruff/compile/Compose/npm audit/typecheck/build exit summaries; HTTP statuses,Remove only generated caches owned by command if required; preserve user changes,FAIL,evidence/doctor-full-final-sanitized-v2.json;evidence/doctor-failure-targeted-clean-env.json,
FUNC-0075,G12,REST normal and validation-error contract,all_active,Backend REST API,FALSE,P1,FALSE,1,deterministic_single_schema_matrix,Owned backend ready; API token state recorded,Probe representative GET/POST validation and 404/409 cases without dangerous execution,Responses match schemas and expose actionable bounded errors without traceback or secrets,HTTP status/schema validators; secret and traceback scan,Delete only namespaced records created by probes,INCONCLUSIVE,evidence/jarvis-functional-turbo-v2-20260713T163821Z-88fd91140364.csv;evidence/technical-mono-ready.json,
FUNC-0076,G03,API stream interrupt cancel retry,all_active,POST /api/chat/stream,FALSE,P0,TRUE,3,critical_repeat_per_profile,Owned backend and profile ready; unique conversation per repeat,Start stream; simulate slow consumer/interruption; inspect interrupted state; retry,No duplicate or late terminal; partial is labeled; retry yields one coherent saved final,NDJSON parser; meta/delta/done ordering; message counts; duplicate scan,Delete campaign conversations; restore transport fixture,INCONCLUSIVE,evidence/jarvis-functional-turbo-v2-20260713T163821Z-88fd91140364.csv;evidence/gui_operator_runs.jsonl,
FUNC-0077,G04,WebSocket reconnect and cross-session isolation,all_active,/ws/events plus GUI,FALSE,P0,TRUE,3,critical_repeat_per_profile,Owned backend/frontend; two authenticated campaign sessions,Connect; interleave session events; disconnect/reconnect; inspect GUI consumers,Reconnect succeeds; events are compatible and conversations never mix,WS frame schema; event IDs; conversation marker matrix; DOM checks,Close sockets; delete campaign conversations,INCONCLUSIVE,evidence/jarvis-functional-turbo-v2-20260713T163821Z-88fd91140364.csv;evidence/gui_operator_runs.jsonl,
FUNC-0078,G02,End-to-end profile model mapping,all_active,Launcher/config/container/provider/API/GUI,FALSE,P0,TRUE,3,critical_repeat_per_profile,Local model assets exist; owned dispatcher transitions allowed,"Select each profile; capture resolved config, container command, provider model and UI identity",All five identity layers agree on selected profile and actual loaded model,Exact profile/model mapping and runtime flag comparison,Return to documented initial profile and ownership state,FAIL,evidence/mono-perf-direct-model-probes.json;evidence/mono-direct-model-probes-ready.json;evidence/gui_operator_runs.jsonl,
FUNC-0079,G13,Offline-ready startup and recovery,gemma4-turbo,Network fixture/launcher/API/GUI,FALSE,P0,TRUE,3,critical_repeat,Loopback-preserving reversible external network fixture tested; local assets present,Disable external connectivity; start local core; exercise web failure; restore; retry,Core starts without pull/download; network functions fail honestly; recovery works without state corruption,Network probes; process/container events; API/GUI responses; download log scan,Restore network and verify normal smoke,BLOCKED_BY_ENV,evidence/gui_operator_runs.jsonl,
FUNC-0080,G08,Persistence backup restart lock and restore on copy,gemma4-turbo,Copied state/API/GUI,FALSE,P0,FALSE,2,ordinary_repeat,Copied/generated state root; owned runtime; backup hashes recorded,"Exercise backup/integrity, mission interruption/restart, DB lock/read-only/temp unavailability and restore on copy",No duplicate state or false completion; errors actionable; copied state restores consistently,SQLite integrity; row/message/task counts; hashes; API/GUI state,Discard copied state only; leave live state unchanged,INCONCLUSIVE,evidence/technical-during-mono-startup.json;evidence/technical-mono-ready.json,
FUNC-0081,G14,CLI read-only command matrix,all_active,jarvis.py CLI,FALSE,P1,FALSE,1,deterministic_single_binary_command_matrix,Runtime state captured; commands limited to read-only variants,"Run profiles,status,models,tools,llm-health,dispatcher-status,dispatcher-compose,telemetry,host-bridge,autonomy,persona,files,file-search,audit,approvals",Each command exits predictably and emits parseable truthful output or exact environment blocker,Exit code; JSON parse; API/state comparison; secret scan,Read-only; no cleanup,INCONCLUSIVE,evidence/technical-during-mono-startup.json;evidence/technical-mono-ready.json;evidence/jarvis-functional-turbo-v2-20260713T163821Z-88fd91140364.csv,
FUNC-0082,G05,CLI guarded mutation and error matrix,gemma4-turbo,jarvis.py CLI,FALSE,P1,FALSE,2,ordinary_repeat,Copied/namespaced state; owned services; harmless action fixtures,"Exercise init,backup,chat,learning-tick,persona-set,ingest,approval lifecycle,tool-run,mission-next/run and owned dispatcher/serve paths","Mutations are scoped, approvals bound, failures nonzero/actionable and outputs truthful",State diff allowlist; action binding; artifacts; exit codes; audit records,Restore snapshots; delete only campaign fixtures; return services,PASS,evidence/guarded-cli-matrix.json,
FUNC-0083,G10,Startup latency throughput and resource release,all_active,Launcher/API/GUI/telemetry,FALSE,P1,FALSE,2,ordinary_repeat_per_profile,Stable idle baseline; telemetry collection available,"Measure startup, TTFT, completion, API/UI latency, bounded concurrency and shutdown release",Measurements are labeled observations; resources remain bounded and release after owned stop,Monotonic timestamps; GPU/RAM/disk deltas; request success; process exit,Return to idle documented state,FAIL,evidence/mono-perf-direct-model-probes.json;evidence/mono-direct-model-probes-ready.json;evidence/mono-startup-timeout-20m.json;evidence/bounded-soak-turbo.json,
FUNC-0084,G10,Bounded long-run conversation mission soak,gemma4-turbo,GUI/API/telemetry,FALSE,P1,FALSE,2,ordinary_repeat,"Watchdog, disk budget and owned stack configured",Run bounded long conversation and read-only mission while sampling resources and logs,"No uncontrolled growth, duplicate finals, cross-session mix or unrecovered degradation",Watchdog; resource series; log/cache/history growth; state counts,End jobs; delete campaign conversations; retain summarized metrics,INCONCLUSIVE,evidence/bounded-soak-turbo.json;evidence/gui_operator_runs.jsonl,
FUNC-0085,G12,Frontend freshness service worker resize keyboard zoom,gemma4-turbo,Production Command Center,FALSE,P1,FALSE,1,deterministic_single_ui_matrix,Production frontend built; browser profile isolated,"Verify BUILD_ID freshness, service worker shell, panels, keyboard/focus, resize, long content and supported zoom/DPI matrix",Current source is served; controls remain usable; errors and offline shell are truthful,BUILD_ID/source mtimes; browser assertions; accessibility/focus checks; screenshots,Close isolated browser profile; restore viewport/network,FAIL,evidence/gui-stale-state-after-home-switch.json;evidence/backend-conversations-after-home-switch-v2.json;evidence/frontend-freshness.json;evidence/gui-final-keyboard-focus.json;evidence/gui-resize-zoom.json,
FUNC-0086,G01,Final cleanup ownership and normal smoke,gemma4-turbo,Launcher/process/container/API/GUI,FALSE,P0,TRUE,3,critical_repeat,All campaign process/container/state manifests available,Stop campaign-owned fixtures; restore intended runtime; run status and normal smoke,No orphan audit process/port/container; user-owned state preserved; documented final state is healthy or exact blocker,Manifest reconciliation; process/container/port diff; health/UI checks,None beyond verified final state,PASS,evidence/final-normal-start.json;evidence/final-normal-smoke.json;evidence/final-normal-gui-smoke.json;evidence/final-cleanup.json;evidence/final-cleanup-inventory-v2.json;evidence/final-machine-baseline-restored.json,
