path,classification,subsystem,size_bytes,line_count,public_entry_points,outgoing_dependencies,side_effect_categories,test_reference_count,indexed,review_status,phase_b_required
.editorconfig,config,repository,180,15,,,,0,true,subsystem-review,false
.env.example,config,repository,3053,72,,,process,0,true,subsystem-review,false
.gitattributes,config,repository,147,11,,,,0,true,subsystem-review,false
.github/workflows/ci.yml,config,quality-gates,1325,49,,,,0,true,subsystem-review,false
.gitignore,config,repository,313,35,,,persistence,0,true,subsystem-review,false
README.md,documentation,documentation,24026,277,,,network;persistence;process,2,true,subsystem-review,false
backend/.dockerignore,config,deployment,58,6,,,,0,true,subsystem-review,false
backend/Dockerfile,config,deployment,2378,57,,,network;persistence;process,2,true,subsystem-review,false
backend/chromium-seccomp.json,config,repository,12997,832,,,persistence,2,true,subsystem-review,false
backend/docker-entrypoint.sh,unknown,deployment,2067,87,,,process,2,true,subsystem-review,false
backend/requirements-dev.txt,config,repository,60,5,,,network,0,true,subsystem-review,false
backend/requirements-surfer.txt,config,repository,519,14,,,,1,true,subsystem-review,false
backend/requirements.txt,config,repository,213,12,,,network,4,true,subsystem-review,false
backend/src/jarvis_gpt/__init__.py,production,backend-core,90,6,,,,79,true,subsystem-review,false
backend/src/jarvis_gpt/agent.py,production,llm-agent,458582,11419,AgentContext;TaskKernelPlan;DirectAction;NativeAction;IntentDecision;AgentRuntime,.;.browser_cdp;.cognitive_memory;.config;.embeddings;.event_bus;.execution_protocol;.executive_runtime;.llm;.models;.operator_queue;.shop_registry;.storage;.tools;.verification;__future__;asyncio;base64;collections.abc;contextlib;dataclasses;datetime;hashlib;importlib.util,network;persistence;process,523,true,subsystem-review,true
backend/src/jarvis_gpt/api.py,production,backend-api,60104,1690,lifespan;local_api_guard;storage;index;health;status;runtime_security;runtime_backup;operator_queue;operator_quality;model_profiles;agent_trace;agent_message_trace;models;model_hub_search;model_downloads;model_download;model_download_cancel;model_activate;model_delete;dispatcher;dispatcher_action;telemetry;telemetry_live;learning_tick;learning_journal;host_bridge;autonomy;preferences;update_preferences;persona;update_persona;add_persona_insight;autonomy_policy;update_autonomy_policy;browser_policy;browser_handoff;internet_observability;update_browser_policy;docker_policy;update_docker_policy;docker_containers;cleanup_runtime;autonomy_jobs;autonomy_job_runs;create_autonomy_job;update_autonomy_job;cancel_autonomy_job;run_autonomy_job;start_autonomy_job;routines;run_routine;briefing;chat;chat_stream;interrupted_stream;list_conversations;list_conversation_messages;set_message_feedback;delete_conversation;environment_profile;execution_playbooks;executive_plan;web_surfer_capabilities;list_missions;create_mission;get_mission;execute_next_mission_step;run_mission;get_mission_report;update_mission_task;search_memory;add_memory;memory_vault;memory_hygiene;memory_consolidate;list_files;upload_file;ingest_directory;search_files;download_file;get_file;list_audit;list_approvals;create_approval;update_approval;execute_approval;list_tools;run_tool;list_tool_runs;diagnostics;self_heal;benchmark;ws_events,.agent;.approval_executor;.autonomy_executor;.cognitive_memory;.config;.diagnostics;.dispatcher;.event_bus;.executive_runtime;.experience;.host_bridge;.ingest;.learning;.llm;.model_catalog;.model_hub;.models;.operations;.operator_queue;.persona;.runtime_lease;.storage;.supervisor;.telemetry,network;persistence;process,75,true,subsystem-review,true
backend/src/jarvis_gpt/approval_executor.py,production,execution,24557,613,ApprovalExecution;ApprovalExecutor;finish_despite_cancellation,.diagnostics;.dispatcher;.learning;.llm;.models;.redaction;.storage;.telemetry;.tools;__future__;asyncio;collections.abc;dataclasses;typing,,2,true,subsystem-review,false
backend/src/jarvis_gpt/archive_runtime.py,production,web-document,30410,871,ArchiveError;ArchiveSafetyError;ArchiveUnsupportedError;ArchiveConfig;archive_capabilities;is_archive_path;list_archive;extract_archive;read_archive_member;create_archive;re_abs_windows,.file_types;__future__;bz2;collections.abc;dataclasses;gzip;hashlib;lzma;pathlib;shutil;tarfile;typing;zipfile,persistence,1,true,subsystem-review,true
backend/src/jarvis_gpt/autonomy_executor.py,production,autonomy-jobs,21973,560,AutonomyExecutor,.agent;.diagnostics;.dispatcher;.event_bus;.experience;.learning;.llm;.operations;.storage;.telemetry;.tools;__future__;asyncio;hashlib;re;time;typing,persistence,3,true,subsystem-review,true
backend/src/jarvis_gpt/browser_cdp.py,production,tools-host-web,34955,996,BrowserCdpError;BrowserPageSnapshot;BrowserTarget;BrowserActionResult;chrome_debugger_status;read_chrome_page;scroll_chrome_page;run_chrome_action;normalize_debug_url;looks_like_human_verification,__future__;asyncio;base64;collections.abc;dataclasses;httpx;json;typing;urllib.parse;websockets;websockets.exceptions,network;persistence,8,true,subsystem-review,true
backend/src/jarvis_gpt/cli.py,production,cli,27143,752,cmd_init;cmd_profiles;cmd_status;cmd_backup;cmd_models;cmd_diag;cmd_chat;cmd_tools;cmd_llm_health;cmd_dispatcher_status;cmd_dispatcher_compose;cmd_dispatcher_up;cmd_dispatcher_down;cmd_telemetry;cmd_learning_tick;cmd_host_bridge;cmd_host_bridge_action;cmd_autonomy;cmd_persona;cmd_persona_set;cmd_ingest;cmd_files;cmd_file_search;cmd_audit;cmd_approvals;cmd_approval_request;cmd_approval_update;cmd_approval_execute;cmd_tool_run;cmd_mission_next;cmd_mission_run;cmd_serve;build_parser;main,.agent;.approval_executor;.cognitive_memory;.config;.diagnostics;.dispatcher;.event_bus;.executive_runtime;.host_bridge;.ingest;.learning;.llm;.model_catalog;.persona;.runtime_lease;.storage;.supervisor;.telemetry;.tools;__future__;argparse;asyncio;collections.abc;contextlib,persistence;process,8,true,subsystem-review,true
backend/src/jarvis_gpt/cognitive_memory.py,production,state-memory,29848,808,collect_host_facts;HostProfileManager;PlaybookRecord;ExecutionPlaybookStore,.redaction;__future__;collections.abc;contextlib;dataclasses;datetime;hashlib;json;os;pathlib;platform;re;shutil;socket;sqlite3;struct;subprocess;sys;tempfile;threading;typing;unicodedata,network;persistence;process,5,true,subsystem-review,true
backend/src/jarvis_gpt/config.py,production,configuration,12141,333,default_home;VllmExtraArgs;RuntimeProfile;JarvisSettings;load_settings;ensure_runtime_dirs,__future__;dataclasses;os;pathlib;platform,persistence;process,55,true,subsystem-review,true
backend/src/jarvis_gpt/diagnostics.py,production,backend-core,4533,141,run_diagnostics,.config;.llm;.model_catalog;.models;.storage;__future__;asyncio;pathlib;platform;shutil;subprocess;sys,persistence;process,21,true,subsystem-review,true
backend/src/jarvis_gpt/dispatcher.py,production,profiles-models,21935,593,DispatcherManager,.config;.model_catalog;.storage;__future__;json;os;pathlib;shutil;socket;subprocess;time;typing,network;persistence;process,57,true,subsystem-review,true
backend/src/jarvis_gpt/document_agent.py,production,web-document,7603,199,DocumentGenerationRequest;GeneratedDocument;DocumentAgent;get_document_agent_tools,.document_surfer;__future__;collections.abc;dataclasses;pathlib;typing,,1,true,subsystem-review,false
backend/src/jarvis_gpt/document_memory.py,production,web-document,21497,676,DocumentMemory,.document_surfer;.storage;__future__;pathlib;re;typing,,3,true,subsystem-review,false
backend/src/jarvis_gpt/document_runtime.py,production,web-document,22226,651,DocumentRuntimeError;document_mime_type;is_supported_document;extract_document;compare_documents;apply_document_replacements;copy_document,__future__;difflib;html;mimetypes;pathlib;re;shutil;typing;xml.etree;zipfile,persistence,3,true,subsystem-review,true
backend/src/jarvis_gpt/document_surfer.py,production,web-document,81052,2070,DocumentSurferError;DocumentUnsupportedError;DocumentSafetyError;DocumentGenerationError;DocumentSurferConfig;supported_document_kinds;document_surfer_capabilities;is_document_path_supported;JarvisDocumentSurfer,.archive_runtime;.document_runtime;.file_types;__future__;collections.abc;csv;dataclasses;datetime;hashlib;html;io;json;logging;pathlib;re;shutil;typing;xml.etree;zipfile,persistence,3,true,subsystem-review,true
backend/src/jarvis_gpt/embeddings.py,production,backend-core,5545,140,lexical_vector;sparse_cosine;dense_cosine;reciprocal_rank_fusion;EmbeddingBackend;semantic_similarity_order,.config;__future__;httpx;math;re,network,2,true,subsystem-review,true
backend/src/jarvis_gpt/event_bus.py,production,backend-api,1414,50,EventBus,__future__;asyncio;fastapi;json;typing,network,13,true,subsystem-review,true
backend/src/jarvis_gpt/execution_actions.py,production,execution,43301,1174,PathPolicy;RegistryHive;RegistryValueKind;CreateDirectoryAction;StatPathAction;ListDirectoryAction;ReadFileAction;WriteFileAction;CopyFileAction;MoveFileAction;DeleteFileAction;ProcessAction;ProcessSignal;TerminateOwnedProcessAction;ResolveHostAction;TcpProbeAction;RegistrySetAction;RegistryGetAction;RegistryDeleteValueAction;AtomicActionExecutor,.execution_filesystem;.execution_models;.execution_process;.execution_session;__future__;asyncio;base64;collections.abc;contextlib;contextvars;dataclasses;enum;hashlib;ipaddress;os;pathlib;re;shutil;signal;socket;stat;tempfile;time;typing,network;persistence,5,true,subsystem-review,true
backend/src/jarvis_gpt/execution_config.py,production,execution,11641,292,build_execution_kernel;execution_roots;execution_denied_paths;load_execution_capabilities;execution_capabilities_snapshot,.config;.execution_kernel;.execution_process;__future__;json;os;pathlib;re;typing,,2,true,subsystem-review,false
backend/src/jarvis_gpt/execution_filesystem.py,production,execution,30504,813,metadata_identity;BoundPath;DirectoryEntrySnapshot;PathMutationGuard;verified_binary_handle;directory_entries;pinned_directory,__future__;collections.abc;contextlib;dataclasses;os;pathlib;stat;threading;typing,persistence,1,true,subsystem-review,true
backend/src/jarvis_gpt/execution_kernel.py,production,execution,50199,1274,KernelCapabilities;KernelResult;KernelBatchResult;ExecutionKernel,.execution_actions;.execution_models;.execution_process;.execution_protocol;.execution_replay;.execution_session;.execution_transaction;.state_verification;__future__;asyncio;collections;collections.abc;contextlib;dataclasses;datetime;enum;ipaddress;json;pathlib;re;signal;typing,persistence,2,true,subsystem-review,true
backend/src/jarvis_gpt/execution_models.py,schema,execution,2160,96,TerminationReason;ProcessNode;PermissionSnapshot;FilesystemEntry;FilesystemDiff;StreamCapture;ExecutionFeedback;ActionFeedback,__future__;dataclasses;enum;typing,,1,true,subsystem-review,false
backend/src/jarvis_gpt/execution_process.py,production,execution,76328,2053,ExecutableRule;ExecutablePolicy;ProcessRequest;AsyncProcessRunner;process_tree_snapshot;permission_snapshot;filesystem_snapshot;filesystem_diff,.execution_filesystem;.execution_models;.execution_session;__future__;asyncio;collections.abc;contextlib;ctypes;dataclasses;datetime;getpass;hashlib;hmac;json;os;pathlib;re;select;shutil;signal;socket;stat;subprocess;sys,network;persistence;process,5,true,subsystem-review,true
backend/src/jarvis_gpt/execution_protocol.py,production,execution,14401,425,ActionClass;FsStatSpec;FsListSpec;FsReadSpec;FsMkdirSpec;FsWriteSpec;FsCopySpec;FsMoveSpec;FsDeleteSpec;ProcessRunSpec;ProcessTerminateSpec;NetworkResolveSpec;NetworkTcpProbeSpec;RegistryGetSpec;RegistrySetSpec;RegistryDeleteSpec;ActionEnvelope;ResultEnvelope;parse_action;serialize_result;action_json_schema;classify_action;classify_payload;is_mutating;canonical_action_json,.execution_actions;.execution_models;.execution_process;__future__;base64;collections.abc;enum;json;pathlib;pydantic;re;typing,,1,true,subsystem-review,false
backend/src/jarvis_gpt/execution_replay.py,production,execution,12244,325,ReplayJournalEntry;DurableReplayJournal,__future__;collections;collections.abc;contextlib;dataclasses;datetime;hashlib;hmac;json;os;pathlib;re;threading;typing;uuid,persistence,0,true,subsystem-review,true
backend/src/jarvis_gpt/execution_session.py,production,execution,28236,722,SessionStatus;StepStatus;ProcessStatus;StepRecord;ProcessRecord;HistoryDigest;ExecutionSession;SessionRegistry;monotonic_ms,__future__;collections;ctypes;dataclasses;datetime;enum;json;os;pathlib;re;shutil;signal;subprocess;threading;time;typing;uuid,persistence;process,2,true,subsystem-review,true
backend/src/jarvis_gpt/execution_transaction.py,production,execution,49023,1221,CheckpointStatus;PathCheckpoint;RegistryCheckpoint;EnvironmentCheckpoint;TransactionResult;CheckpointManager;TransactionalExecutor,.execution_actions;.execution_filesystem;.execution_models;.state_verification;__future__;asyncio;base64;collections.abc;contextlib;dataclasses;enum;hashlib;json;os;pathlib;re;shutil;stat;typing;uuid,persistence,3,true,subsystem-review,true
backend/src/jarvis_gpt/executive_planner.py,production,execution,62122,1503,PlannerError;GraphValidationError;InvalidTransitionError;RevisionConflictError;AttemptLimitError;PreconditionMismatchError;VerificationError;GoalStatus;StepStatus;AssertionCriterion;ActionCall;EnvironmentFingerprint;PreconditionFingerprint;GoalDefinition;PlannerLimits;ToolDescriptor;PlaybookHint;StepSpec;GoalDecompositionRequest;DecompositionProposal;PlanRevision;AssertionResult;VerificationContract;StepSnapshot;RevisionSnapshot;PlannerSnapshot;AdaptiveDAGPlanner,__future__;dataclasses;datetime;enum;hashlib;heapq;json;math;pydantic;re;threading;typing,persistence,1,true,subsystem-review,true
backend/src/jarvis_gpt/executive_runtime.py,production,execution,140177,3586,ExecutiveStepClaim;ExecutiveStepOutcome;MissionDecompositionStep;MissionDecomposition;TrustedInspectorEvidence;ExecutiveCoordinator;validate_mission_decomposition;validate_mission_goal_coverage,.cognitive_memory;.execution_protocol;.executive_planner;.models;.state_verification;.storage;__future__;dataclasses;datetime;hashlib;json;re;threading;typing;urllib.parse,persistence,5,true,subsystem-review,true
backend/src/jarvis_gpt/experience.py,production,state-memory,26016,728,ExperienceManager,.;.config;.models;.storage;__future__;asyncio;time;typing,persistence;process,28,true,subsystem-review,true
backend/src/jarvis_gpt/file_types.py,production,web-document,33538,926,FileTypeInfo;archive_kinds;document_kinds;is_archive_kind;is_document_kind;identify_path;identify_bytes,__future__;dataclasses;mimetypes;pathlib;re;struct;typing,persistence;process,1,true,subsystem-review,true
backend/src/jarvis_gpt/host_bridge.py,production,tools-host-web,9954,282,HostBridgeStatus;HostBridgeClient;bridge_token_path;bridge_token_paths;read_bridge_token,.config;__future__;hashlib;httpx;os;pathlib;socket;typing,network;persistence,29,true,subsystem-review,true
backend/src/jarvis_gpt/ingest.py,production,web-document,15123,425,StoredFile;FileIngestor;extract_file_index,.config;.document_runtime;.document_surfer;.storage;__future__;dataclasses;hashlib;mimetypes;os;pathlib;re;typing;zipfile,persistence;process,7,true,subsystem-review,true
backend/src/jarvis_gpt/learning.py,production,state-memory,16791,428,LearningEngine,.llm;.storage;__future__;json;typing,,20,true,subsystem-review,false
backend/src/jarvis_gpt/llm.py,production,llm-agent,24212,636,LLMResult;LLMStreamChunk;background_llm_priority;LLMRouter,.config;.model_catalog;__future__;asyncio;collections.abc;contextlib;contextvars;dataclasses;httpx;json;math;statistics;threading;time;typing,network,213,true,subsystem-review,true
backend/src/jarvis_gpt/main.py,production,backend-api,76,6,,.api;__future__,,30,true,subsystem-review,false
backend/src/jarvis_gpt/memory_vault.py,production,state-memory,9124,251,MemoryVault,__future__;os;pathlib;re;tempfile;typing,persistence,3,true,subsystem-review,true
backend/src/jarvis_gpt/model_catalog.py,production,profiles-models,7309,191,ModelCatalog;model_allowed_for_profile,.config;.storage;__future__;datetime;json;pathlib;typing,process,2,true,subsystem-review,true
backend/src/jarvis_gpt/model_hub.py,production,profiles-models,42814,1160,DownloadedFile;DownloadCancelled;ModelHubManager;estimate_local_model;estimate_remote_model,.config;.model_catalog;.storage;__future__;concurrent.futures;dataclasses;json;os;pathlib;re;shutil;subprocess;threading;time;typing;urllib.error;urllib.parse;urllib.request,network;persistence;process,9,true,subsystem-review,true
backend/src/jarvis_gpt/models.py,schema,backend-core,21836,763,ApiEnvelope;ChatAttachment;ChatRequest;ChatEvent;ChatResponse;ConversationItem;MessageItem;MessageFeedbackRequest;MissionCreateRequest;MissionTaskUpdateRequest;MissionTask;Mission;MemoryCreateRequest;MemoryItem;MemoryGraphNode;MemoryGraphEdge;MemoryVaultNote;MemoryVaultResponse;MemoryHygieneResponse;FileItem;FileChunkHit;FileIngestResponse;ModelArtifact;ModelCatalogResponse;ModelSearchResponse;ModelProfilePlan;ModelProfilesResponse;ModelDownloadRequest;ModelActivateRequest;DispatcherStatusResponse;DispatcherActionResponse;TelemetryResponse;LearningTickResponse;HostBridgeResponse;AutonomyStatusResponse;AuditEntry;ApprovalCreateRequest;ApprovalUpdateRequest;ApprovalItem;ApprovalExecutionResponse;ToolInfo;ToolRunRequest;ToolRunResponse;MissionExecutionResponse;MissionStepOutcome;MissionRunResponse;OperatorQueueItem;OperatorQueueResponse;DiagnosticCheck;DiagnosticsResponse;RuntimePreferencesResponse;RuntimePreferencesUpdateRequest;AutonomyPolicyResponse;AutonomyPolicyUpdateRequest;DailyBriefingResponse;SelfHealIssue;SelfHealAction;SelfHealResponse;BenchmarkResponse;BrowserPolicyResponse;BrowserPolicyUpdateRequest;DockerPolicyResponse;DockerPolicyUpdateRequest;DockerContainersResponse;CleanupRequest;AutonomyJobCreateRequest;AutonomyJobUpdateRequest;AutonomyJobResponse;AutonomyJobRunResponse;RoutineResponse;RoutineRunResponse;DirectoryIngestRequest;DirectoryIngestResponse;StatusResponse;OperatorPersonaResponse;OperatorPersonaUpdateRequest;OperatorPersonaInsightRequest,__future__;pydantic;typing,process,55,true,subsystem-review,false
backend/src/jarvis_gpt/operations.py,production,tools-host-web,25547,685,OperationsManager;docker_container_allowed,.config;.storage;__future__;datetime;json;shutil;subprocess;typing,persistence;process,34,true,subsystem-review,true
backend/src/jarvis_gpt/operator_queue.py,production,autonomy-jobs,16599,414,operator_queue_snapshot;answer_quality_report;operator_context;memory_hygiene_report;model_profile_plan,.config;.storage;__future__;collections;datetime;re;typing,persistence,2,true,subsystem-review,true
backend/src/jarvis_gpt/persona.py,production,state-memory,11603,328,load_persona;normalize_persona;is_configured;home_location;primary_language;render_system_block;PersonaManager,.config;.storage;__future__;typing,persistence,45,true,subsystem-review,true
backend/src/jarvis_gpt/redaction.py,production,defensive-design,2379,67,redact_text;redact_value,__future__;collections.abc;re;typing,,1,true,subsystem-review,false
backend/src/jarvis_gpt/runtime_lease.py,production,autonomy-jobs,7550,207,RuntimeLeaseError;PrimaryRuntimeLease,__future__;datetime;hashlib;json;os;pathlib;socket;sys;threading;types,network;persistence,2,true,subsystem-review,true
backend/src/jarvis_gpt/shop_registry.py,production,web-document,4913,148,ShopSource;normalize_shop_text;find_shop_source;find_shop_sources;get_shop_source;get_shop_source_by_host;shop_search_url,__future__;dataclasses;re;urllib.parse,persistence,1,true,subsystem-review,true
backend/src/jarvis_gpt/state_verification.py,production,execution,66250,1684,VerificationStatus;RiskLevel;GateStatus;VerificationEvidence;PathExpectation;TcpExpectation;ProcessExpectation;VerificationExpectation;ProcessBaselineObservation;ProcessVerificationBaseline;VerificationResult;GateEvidence;GateDecision;StateVerifier;SafeGate,.execution_actions;.execution_filesystem;.execution_models;.execution_session;__future__;ast;asyncio;base64;binascii;collections.abc;configparser;contextlib;dataclasses;datetime;enum;hashlib;hmac;io;ipaddress;json;os;pathlib;re;secrets,network;persistence;process,8,true,subsystem-review,true
backend/src/jarvis_gpt/storage.py,production,state-memory,109380,3113,utc_now;new_id;JarvisStorage,.memory_vault;.redaction;__future__;collections.abc;datetime;json;pathlib;re;sqlite3;threading;typing;uuid,persistence,2149,true,subsystem-review,true
backend/src/jarvis_gpt/supervisor.py,production,autonomy-jobs,18293,449,RuntimeSupervisor,.config;.diagnostics;.learning;.llm;.storage;.telemetry;__future__;asyncio;contextlib;json;typing,,12,true,subsystem-review,false
backend/src/jarvis_gpt/telemetry.py,production,autonomy-jobs,10851,313,TelemetryCollector,.config;.storage;__future__;copy;ctypes;json;os;pathlib;platform;shutil;socket;subprocess;threading;time;typing,network;persistence;process,10,true,subsystem-review,true
backend/src/jarvis_gpt/tools.py,production,tools-host-web,570967,15250,ToolContext;ToolSpec;OperatorTurnAuthorizationError;OperatorTurnAuthorization;ToolRegistry;mode_deadline_sec;browser_handoff_snapshot;internet_observability_snapshot,.browser_cdp;.cognitive_memory;.config;.diagnostics;.dispatcher;.document_memory;.document_runtime;.document_surfer;.execution_config;.execution_kernel;.execution_protocol;.execution_session;.executive_runtime;.host_bridge;.ingest;.learning;.llm;.model_catalog;.models;.operations;.persona;.redaction;.shop_registry;.state_verification,network;persistence;process,550,true,subsystem-review,true
backend/src/jarvis_gpt/verification.py,production,execution,9647,217,Verdict;build_verification_messages;parse_verdict;build_repair_messages;deterministic_mission_report;build_mission_report_messages;valid_mission_report,__future__;collections.abc;dataclasses;json;re;typing,,112,true,subsystem-review,false
backend/src/jarvis_gpt/web_orchestrator.py,production,web-document,24420,689,WebMode;WebBudgetExceeded;WebBudgetLimits;WebRequest;BoundedResult;normalize_web_mode;WebRunBudget;WebOrchestrator;analyze_shopping_source,__future__;asyncio;collections.abc;dataclasses;decimal;enum;re;time;typing;urllib.parse,persistence,1,true,subsystem-review,true
backend/src/jarvis_gpt/web_surfer.py,production,web-document,137137,3624,shop_search_url;WebSurferError;BrowserLaunchError;ProxyError;NavigationError;AntiBotError;ParsingError;SurferTimeoutError;SurferConfig;JarvisWebSurfer,.shop_registry;__future__;asyncio;collections.abc;contextlib;dataclasses;html;json;logging;math;pathlib;random;re;sys;time;typing;urllib.parse,persistence;process,8,true,subsystem-review,true
backend/src/jarvis_gpt/web_surfer_adapter.py,production,web-document,55152,1383,WebSurferResult;WebSurferAdapter,.execution_process;.redaction;__future__;asyncio;collections.abc;contextlib;dataclasses;inspect;ipaddress;json;math;os;pathlib;re;secrets;select;signal;socket;struct;subprocess;sys;threading;time;types,network;persistence;process,4,true,subsystem-review,true
backend/src/jarvis_gpt/web_surfer_worker.py,production,web-document,17094,523,main,.execution_process;.redaction;.web_surfer_adapter;__future__;asyncio;collections.abc;contextlib;ctypes;importlib;inspect;json;os;re;select;signal;socket;sys;time;typing,network;persistence,1,true,subsystem-review,true
backend/tests/test_agent.py,test,backend-tests,167522,4366,test_operator_execution_effect_key_canonicalizes_explicit_defaults;test_operator_execution_rejects_unrequested_effect_flags;test_operator_gui_and_browser_authority_rejects_extra_operands;test_agent_creates_mission_from_large_goal;test_agent_executes_next_mission_step;test_run_mission_chains_all_steps_offline;test_run_mission_respects_step_budget;test_concurrent_mission_execution_claims_only_one_step;test_cancelled_mission_step_does_not_remain_running;test_cancelled_executive_step_reconciles_without_replaying_action;test_executive_autonomy_rejects_unverified_side_effect_wrappers;test_blocked_mission_step_prevents_skipping_to_later_tasks;test_missing_executive_plan_never_falls_through_to_legacy_fifo;test_agent_streams_chat_response;test_agent_includes_runtime_date_context;test_moscow_timezone_falls_back_to_fixed_utc_plus_three;test_exact_russian_news_query_bypasses_fast_fact_and_passes_moscow_window;test_dns_catalog_failure_is_not_replaced_by_generic_web_answer;test_bounded_news_exception_does_not_fall_back_to_legacy_search;test_bounded_news_partial_result_names_missing_date;test_agent_passes_chat_attachments_to_llm_context;test_agent_routes_persisted_document_recall_and_exposes_file_id;test_document_memory_route_is_not_intercepted_by_weather;test_agent_carries_recent_attachment_into_summary_followup;test_agent_binds_singular_followup_to_latest_attachment_turn;test_agent_reuses_successful_recall_for_deictic_followup;test_agent_stream_persists_successful_document_recall;test_agent_routes_saved_archive_to_archive_tools;test_document_tool_prompt_hints_and_observations_keep_content;test_document_memory_routing_distinguishes_persisted_file_from_web_report;test_document_memory_ambiguity_returns_before_llm;test_agent_can_disable_model_thinking;test_agent_executes_explicit_wiki_open_without_approval;test_agent_opens_bare_domain_without_approval;test_stream_chat_opens_explicit_url_without_approval;test_explicit_shop_product_url_is_opened_not_catalog_searched;test_agent_opens_file_with_default_windows_application;test_agent_creates_empty_file_without_approval;test_meta_or_deferred_phrases_do_not_authorize_actions;test_agent_opens_calculator_with_host_bridge;test_agent_calculator_understands_russian_multiply_sign;test_agent_opens_only_fixed_top_process_console;test_agent_returns_bounded_top_process_snapshot;test_agent_ignores_raw_console_commands_without_approval_or_execution;test_agent_does_not_treat_creative_writing_as_gui_input;test_agent_executes_explicit_active_window_input;test_agent_opens_named_programs_through_native_layer;test_agent_opens_explicit_file_in_named_app;test_agent_captures_screen_when_asked_to_look;test_agent_types_into_general_windows_app;test_agent_routes_wmi_requests_to_native_layer;test_agent_researches_google_style_query;test_agent_researches_current_ticket_request;test_agent_researches_public_sources_self_lookup;test_agent_researches_dns_shop_product_without_public_sources_suffix;test_agent_keeps_dns_records_in_public_sources_context;test_agent_retries_shopping_search_with_short_query;test_agent_expands_bare_gpu_model_for_dns_shop;test_agent_cleans_noisy_dns_shopping_subject_for_new_search;test_agent_returns_dns_links_when_store_blocks_automation;test_agent_retries_shopping_search_when_results_are_only_store_shells;test_agent_skips_shopping_synthesis_even_when_product_fetch_succeeds;test_agent_sorts_previous_shopping_results_and_opens_cheapest;test_agent_searches_and_opens_selected_shopping_result_in_same_turn;test_agent_sorts_shopping_candidates_with_usd_prices;test_agent_researches_marketplace_product_without_osint;test_agent_researches_nearby_pharmacy_as_place_lookup;test_agent_researches_public_office_phone_without_osint;test_agent_infers_weather_city_from_public_ip;test_agent_asks_weather_city_when_ip_location_unavailable;test_agent_researches_uncertain_everyday_choice;test_agent_does_not_web_search_hypothetical_reasoning_scenario;test_agent_keeps_anomalous_timeline_puzzle_in_reasoning_path;test_task_kernel_records_reasoning_route_in_prompt_and_metadata;test_operator_profile_context_includes_typed_memory_and_working_roots;test_agent_captures_implicit_operator_workflow_memory;test_agent_does_not_web_search_logic_error_request;test_semantic_router_blocks_ambiguous_reasoning_web_false_positive;test_semantic_router_can_refine_ambiguous_web_query;test_agent_uses_web_answer_engine_for_google_like_query;test_agent_non_shopping_web_answer_does_not_poison_shopping_followup;test_web_research_synthesizes_fetched_evidence;test_web_research_synthesis_rejects_router_json;test_web_research_followup_uses_previous_evidence;test_reasoning_arbiter_can_override_shopping_keyword_plug;test_arbiter_routes_local_query_to_native_inspection;test_arbiter_gate_opens_for_local_bucket_and_stays_closed_for_chat;test_reasoning_arbiter_can_promote_research_to_mission;test_intent_router_receives_operator_persona_context;test_agent_ranks_generic_results_by_youngest;test_agent_researches_technical_freshness_question;test_agent_researches_post_2026_question;test_agent_does_not_web_search_local_docker_request;test_agent_keeps_post_2026_local_logs_local;test_agent_context_includes_relevance_snippets;test_agent_captures_explicit_operator_memory;test_agent_compacts_long_conversation_with_fallback;test_agent_compacts_very_long_conversation_in_chunks;test_agent_compacts_long_conversation_with_llm;test_agent_context_includes_operator_preferences;test_agent_marks_non_streamed_answer_stopped_by_token_limit;FakeStreamingLLM;FakeLimitedStreamingLLM;FakeTaggedStreamingLLM;FakeThinkingStreamingLLM;test_agent_cleans_service_prefixes_from_streamed_answer;test_agent_marks_streamed_answer_stopped_by_token_limit;test_agent_filters_thinking_blocks_from_stream,__future__;asyncio;dataclasses;datetime;jarvis_gpt.agent;jarvis_gpt.config;jarvis_gpt.event_bus;jarvis_gpt.executive_runtime;jarvis_gpt.ingest;jarvis_gpt.llm;jarvis_gpt.models;jarvis_gpt.storage;json;pathlib;pytest;zipfile,persistence;process,0,true,subsystem-review,false
backend/tests/test_agentic_loop.py,test,backend-tests,30396,768,test_agentic_loop_runs_safe_tool_then_answers;test_agentic_loop_corrects_mixed_tool_payload_before_execution;test_agentic_loop_never_returns_repeated_malformed_tool_payload;test_agentic_loop_recalls_persisted_document_then_summarizes;test_agentic_loop_learns_persona_insight_from_dialogue;test_agentic_loop_inspects_system_without_the_word_wmi;test_agentic_answer_auto_continues_after_length_finish;test_agentic_loop_gates_dangerous_tool_with_approval;test_explicit_current_turn_write_executes_without_approval;test_agentic_loop_stops_at_step_budget;test_agentic_stream_suppresses_tool_json_and_streams_answer;test_agentic_stream_corrects_mixed_tool_payload_without_leaking;test_agentic_stream_forced_final_tool_payload_is_safe_error;test_mission_step_executes_with_tools_when_llm_enabled;test_mission_step_approval_carries_mission_id;test_approval_execution_resumes_blocked_mission_step;test_agentic_stream_plain_answer_has_no_regression,__future__;asyncio;base64;jarvis_gpt.agent;jarvis_gpt.approval_executor;jarvis_gpt.config;jarvis_gpt.dispatcher;jarvis_gpt.event_bus;jarvis_gpt.executive_runtime;jarvis_gpt.ingest;jarvis_gpt.llm;jarvis_gpt.storage;json,persistence,0,true,subsystem-review,false
backend/tests/test_api_smoke.py,test,backend-tests,26690,757,client;test_lifespan_cleanup_survives_repeated_cancellation;test_lifespan_holds_primary_lease_until_cancelled_host_refresh_finishes;test_health_and_status;test_read_only_web_status_endpoints_do_not_create_tool_runs;test_model_download_can_be_cancelled;test_api_cannot_reapprove_an_executing_approval;test_primary_runtime_recovers_interrupted_approval_without_replay;test_runtime_security_and_backup;test_local_api_rejects_cross_site_state_change;test_dispatcher_action_api_preserves_independent_verification;test_loopback_api_can_require_token;test_websocket_enforces_strict_token_and_origin;test_operator_quality_and_autonomy_cancel;test_autonomy_start_runs_detached;test_cors_is_loopback_only;test_chat_offline_and_feedback_roundtrip;test_interrupted_stream_partial_answer_is_recoverable;test_mission_lifecycle_and_report;test_rejected_mission_approval_reconciles_executive_branch;test_operator_queue_and_memory_and_tools;test_approvals_and_persona,__future__;asyncio;base64;fastapi;jarvis_gpt.api;jarvis_gpt.config;jarvis_gpt.model_hub;jarvis_gpt.runtime_lease;pathlib;pytest;starlette.testclient;starlette.websockets;threading,network,0,true,subsystem-review,false
backend/tests/test_approval_executor.py,test,backend-tests,43647,1166,test_approval_executor_runs_memory_save;test_approval_executor_requires_approved_status;test_approval_executor_rejects_unknown_action;test_approval_executor_can_run_structured_danger_tool_after_approval;test_approval_executor_claims_side_effect_once;test_repeated_caller_cancellation_waits_for_action_and_finalization;test_approval_executor_finalizes_unexpected_failure;test_approval_terminal_result_and_errors_are_secret_redacted;test_post_claim_context_inspector_exception_finalizes_without_side_effect;test_executing_approval_cannot_be_reapproved;test_interrupted_approval_recovery_is_terminal_and_reconcile_only;test_operator_rejection_uses_durable_reconciliation_outbox;test_empty_mission_abort_result_uses_executive_terminal_fallback;test_empty_mission_abort_result_retains_reconciliation_without_fallback;test_cold_start_reconciliation_outbox_is_idempotent_after_dag_adaptation;test_authoritative_callback_finishes_before_cancellation_propagates;test_stale_mission_approval_is_rejected_before_side_effect;test_mission_approval_without_durable_executive_plan_fails_closed;test_post_claim_context_race_fails_terminal_before_side_effect;test_executive_approval_rejects_argument_substitution_before_side_effect;test_executive_transaction_approval_executes_once_without_replay;test_executive_approval_rejects_filesystem_wrapper_before_side_effect;test_executive_approval_is_bound_to_persisted_and_current_environment,__future__;asyncio;base64;hashlib;jarvis_gpt.agent;jarvis_gpt.approval_executor;jarvis_gpt.config;jarvis_gpt.dispatcher;jarvis_gpt.event_bus;jarvis_gpt.executive_runtime;jarvis_gpt.llm;jarvis_gpt.models;jarvis_gpt.storage;jarvis_gpt.tools;pytest,persistence,0,true,subsystem-review,false
backend/tests/test_browser_cdp.py,test,backend-tests,5199,177,FakeWebSocket;test_cdp_fetch_guard_fails_private_subrequest_before_continuing;test_cdp_fails_closed_on_websocket_to_metadata_service;test_cdp_closes_new_popup_target_before_it_can_run;test_prepare_page_intercepts_http_websocket_and_related_targets;test_read_chrome_page_always_closes_temporary_target,__future__;asyncio;jarvis_gpt;jarvis_gpt.browser_cdp;json;pytest,network;persistence,0,true,subsystem-review,false
backend/tests/test_cognitive_memory.py,test,backend-tests,8584,231,test_host_profile_refresh_is_atomic_verifiable_and_hash_is_stable;test_host_capability_fingerprint_ignores_volatile_interface_addresses;test_host_profile_rejects_tampering_and_incomplete_collector;test_host_profile_fallback_rejects_stale_snapshot;test_intel_only_gpu_does_not_claim_cuda_capability;test_playbooks_normalize_deduplicate_score_and_count_usage;test_playbook_read_only_lookup_does_not_mutate_rank_and_redacts_secrets;test_playbooks_are_thread_safe_and_fail_closed_on_bad_input;test_playbooks_persist_across_store_restarts,__future__;concurrent.futures;jarvis_gpt.cognitive_memory;pytest,persistence,0,true,subsystem-review,false
backend/tests/test_config_storage.py,test,backend-tests,12793,366,test_settings_use_external_home;test_mono_perf_profile_preserves_certified_fractional_vllm_tuning;test_storage_only_degrades_for_expected_fts_errors;test_storage_persists_mission;test_storage_creates_consistent_database_backup;test_storage_lists_conversations_and_messages;test_storage_get_message_by_id_preserves_metadata;test_storage_deletes_conversation_and_messages;test_storage_updates_task_progress_and_searches_memory;test_storage_update_mission_task_requires_matching_mission_when_provided;test_storage_merges_duplicate_memories_and_hybrid_search;test_storage_mirrors_memory_to_obsidian_like_vault;test_memory_vault_rejects_dot_segment_namespace_escape;test_storage_consolidates_existing_duplicate_memories;test_storage_records_approval_gate;test_storage_persists_runtime_values,__future__;jarvis_gpt.config;jarvis_gpt.storage;pathlib;pytest;sqlite3,persistence,0,true,subsystem-review,false
backend/tests/test_deployment_contracts.py,test,backend-tests,7372,158,test_launcher_is_ascii_safe_for_windows_powershell_5;test_backend_image_installs_sandboxed_chromium_and_drops_root;test_bundled_web_surfer_dependencies_are_pinned_for_native_and_container_runs;test_compose_defaults_to_loopback_and_propagates_build_contract;test_chromium_seccomp_profile_keeps_default_deny_and_allows_namespaces;test_launcher_is_local_only_and_preserves_foreign_listeners;test_frontend_runtime_uses_unprivileged_node_user,__future__;pathlib,process,0,true,subsystem-review,false
backend/tests/test_dispatcher.py,test,backend-tests,19096,551,test_dispatcher_manager_builds_compose_environment;test_dispatcher_status_redacts_hugging_face_token;test_dispatcher_status_schema_preserves_runtime_diagnostics;test_dispatcher_turbo_profile_keeps_cuda_graph_path;test_dispatcher_mono_perf_profile_is_gpu_first;test_dispatcher_parses_actual_container_runtime_command;test_dispatcher_verification_accepts_matching_runtime_during_warmup;test_dispatcher_compose_success_is_rejected_when_runtime_disagrees;test_runtime_match_requires_model_and_every_profile_flag;test_runtime_match_rejects_stale_mono_perf_without_text_only_flag;test_dispatcher_reuse_requires_configured_image;test_mismatched_dispatcher_container_is_removed_before_start;test_matching_dispatcher_container_is_reused_without_removal;test_verified_start_skips_compose_for_exact_running_runtime;test_dispatcher_stop_rejects_unknown_docker_state;test_dispatcher_cli_exits_nonzero_when_verified_action_fails,__future__;contextlib;jarvis_gpt.cli;jarvis_gpt.config;jarvis_gpt.dispatcher;jarvis_gpt.models;pytest;types,process,0,true,subsystem-review,false
backend/tests/test_document_memory.py,test,backend-tests,15910,421,test_document_memory_recalls_content_and_returns_analysis;test_document_memory_finds_filename_without_indexed_chunks;test_document_memory_filename_lookup_is_unicode_casefolded;test_document_memory_recalls_generic_code_text_by_exact_filename;test_document_memory_specific_no_match_does_not_guess_recent;test_document_memory_temporal_specific_no_match_does_not_guess_recent;test_document_memory_rejects_partial_two_term_identity;test_document_memory_identity_terms_require_token_boundaries;test_document_memory_keeps_distinctive_terms_that_start_with_doc;test_document_memory_ambiguous_generic_match_requires_file_id;test_document_memory_recent_fallback_selects_latest_supported_document;test_document_memory_temporal_query_selects_newest_validated_match;test_document_memory_unspecified_saved_document_is_ambiguous;test_document_memory_reports_bounded_multi_document_scope;test_documents_recall_tool_runs_full_persisted_flow;test_file_search_keeps_exact_content_hit_older_than_recent_window;test_archive_extracted_pptx_is_indexed_and_recallable,__future__;asyncio;jarvis_gpt.config;jarvis_gpt.document_memory;jarvis_gpt.document_surfer;jarvis_gpt.ingest;jarvis_gpt.llm;jarvis_gpt.storage;jarvis_gpt.tools;pathlib;zipfile,persistence;process,0,true,subsystem-review,false
backend/tests/test_document_runtime.py,test,backend-tests,558,18,test_parse_xml_rejects_dtd_and_entity_expansion;test_parse_xml_accepts_plain_office_xml,__future__;jarvis_gpt.document_runtime;pytest,,0,true,subsystem-review,false
backend/tests/test_document_surfer.py,test,backend-tests,6027,153,test_supported_kinds_cover_core_and_generation;test_capabilities_probe_is_stable;test_inspect_and_search_text_document;test_compare_and_edit_plan;test_apply_replacements_never_overwrites_source;test_generate_markdown_and_docx;test_generate_xlsx_and_convert;test_summarize_corpus_and_package;test_document_agent_generate_uses_surfer;test_empty_search_query_raises;test_is_document_path_supported_extended,__future__;jarvis_gpt.document_agent;jarvis_gpt.document_runtime;jarvis_gpt.document_surfer;pathlib;pytest,persistence,0,true,subsystem-review,false
backend/tests/test_embeddings.py,test,backend-tests,7294,183,test_lexical_vector_matches_inflection_over_unrelated;test_reciprocal_rank_fusion_rewards_agreement;test_embedding_backend_disabled_returns_none;test_semantic_order_uses_remote_dense_vectors_when_available;test_hybrid_files_reranks_chunks_by_semantic_closeness;test_hybrid_files_falls_back_to_recent_chunks_without_lexical_overlap;test_hybrid_memory_surfaces_paraphrase_missed_by_keywords,__future__;asyncio;jarvis_gpt.agent;jarvis_gpt.config;jarvis_gpt.embeddings;jarvis_gpt.event_bus;jarvis_gpt.llm;jarvis_gpt.storage,persistence,0,true,subsystem-review,false
backend/tests/test_event_bus.py,test,backend-tests,1196,41,test_publish_does_not_serialize_slow_websocket_clients,__future__;asyncio;jarvis_gpt;jarvis_gpt.event_bus;json,network,0,true,subsystem-review,false
backend/tests/test_execution_actions_protocol.py,test,backend-tests,6539,198,test_typed_filesystem_actions_round_trip_without_shell;test_path_policy_rejects_escape_and_symlink;test_expected_digest_delete_never_unlinks_a_raced_replacement;test_bound_temporary_identity_rejects_a_post_close_replacement;test_read_never_follows_a_parent_identity_swap;test_protocol_is_strict_versioned_and_discriminated;test_protocol_rejects_invalid_base64,__future__;asyncio;base64;hashlib;jarvis_gpt.execution_actions;jarvis_gpt.execution_filesystem;jarvis_gpt.execution_protocol;os;pydantic;pytest,persistence,0,true,subsystem-review,false
backend/tests/test_execution_kernel.py,test,backend-tests,26129,794,test_registry_feedback_redacts_values_with_secret_names;test_kernel_transactions_and_idempotent_replay;test_secondary_kernel_cannot_recover_primary_checkpoints;test_failed_startup_rollback_blocks_mutations_and_transactions;test_kernel_disables_processes_without_capability;test_kernel_process_is_nontransactional_and_session_recorded;test_kernel_atomic_batch_is_session_recorded_and_idempotent;test_kernel_atomic_batch_rejects_non_reversible_actions;test_failed_mutation_verification_rolls_back_before_commit;test_batch_verification_runs_before_commit_and_replay_is_rechecked;test_kernel_batch_exception_finalizes_session;test_kernel_cancel_escalates_only_session_owned_process;test_kernel_serializes_same_action_id_before_any_second_mutation;test_concurrent_identical_action_rechecks_second_cache_hit;test_committed_mutation_records_idempotency_before_honoring_cancellation;test_kernel_serializes_sibling_transactions_under_new_parent;test_kernel_rejects_process_cwd_outside_execution_roots;test_kernel_requires_per_executable_environment_grammar;test_cancelling_process_task_finalizes_session_state;test_session_cancel_waits_for_reserved_process_registration,__future__;asyncio;base64;hashlib;jarvis_gpt.execution_actions;jarvis_gpt.execution_config;jarvis_gpt.execution_kernel;jarvis_gpt.execution_process;jarvis_gpt.execution_transaction;pathlib;pytest;re;sys,persistence,0,true,subsystem-review,false
backend/tests/test_execution_process.py,test,backend-tests,26998,774,test_posix_supervisor_environment_does_not_inherit_backend_secrets;test_process_runner_captures_streams_and_filesystem_diff;test_process_runner_detects_stall_and_terminates_tree;test_process_runner_cleans_child_tree_after_root_exits;test_process_runner_contains_child_that_escapes_with_setsid;test_posix_registration_failure_aborts_suspended_target_without_deadlock;test_cancellation_before_registration_never_resumes_suspended_target;test_cancellation_after_registration_is_an_atomic_pre_resume_barrier;test_process_observation_never_follows_a_symlink_created_by_target;test_posix_supervisor_cleans_escaped_tree_after_runner_parent_crash;test_process_runner_rejects_shells_and_unscoped_observation;test_process_runner_returns_rich_feedback_when_containment_setup_fails;test_executable_allowlist_is_enforced;test_posix_runner_executes_pinned_inode_after_path_replacement;test_windows_runner_pins_image_until_create_process_returns;test_process_feedback_auto_redacts_secret_flags;test_executable_rule_enforces_positional_argv_grammar;test_executable_rule_rejects_content_changed_after_policy_load;test_only_session_owned_exact_process_can_be_terminated;test_interrupt_keeps_ignored_signal_process_owned_until_kill;test_repeated_cancellation_cannot_interrupt_process_cleanup;test_cancellation_after_exit_waits_for_snapshot_and_session_finalization,__future__;asyncio;contextlib;jarvis_gpt.execution_actions;jarvis_gpt.execution_process;jarvis_gpt.execution_session;os;pathlib;pytest;shutil;signal;subprocess;sys;threading;time,persistence;process,0,true,subsystem-review,false
backend/tests/test_execution_replay.py,test,backend-tests,8902,256,test_transaction_replays_from_durable_journal_after_kernel_restart;test_durable_journal_rehydrates_result_after_memory_cache_eviction;test_committed_checkpoint_wal_repairs_crash_before_journal_replace;test_live_retry_imports_committed_wal_before_any_reexecution;test_durable_replay_collision_and_corruption_fail_closed;test_replay_snapshot_rejects_valid_entry_removal_and_reordering;test_durable_replay_retention_prunes_oldest_entries,__future__;asyncio;base64;jarvis_gpt.execution_kernel;json;pytest,persistence,0,true,subsystem-review,false
backend/tests/test_execution_tools.py,test,backend-tests,22835,650,test_execution_tools_publish_real_schema_and_remove_raw_shell;test_execution_inspect_and_approved_atomic_write;test_execution_playbook_is_derived_only_from_typed_verification_facts;test_execution_verify_inspects_exact_mutation_postcondition_without_replay;test_verification_surfaces_cannot_bypass_registry_or_network_capabilities;test_execution_sessions_record_bounded_actions;test_process_run_creates_and_finalizes_owned_session;test_process_run_cannot_claim_a_preexisting_path_postcondition;test_execution_inspect_denies_runtime_secret_paths;test_execution_capabilities_file_is_strict_and_explicit;test_execution_capabilities_file_rejects_unknown_fields;test_invalid_config_write_is_independently_verified_and_rolled_back;test_destructive_action_runs_dry_run_and_supports_exact_preflight_permit,__future__;asyncio;base64;hashlib;jarvis_gpt.cognitive_memory;jarvis_gpt.config;jarvis_gpt.execution_config;jarvis_gpt.llm;jarvis_gpt.storage;jarvis_gpt.tools;json;pytest;re;sys,persistence,0,true,subsystem-review,false
backend/tests/test_execution_transaction_session.py,test,backend-tests,20279,599,test_transaction_rolls_back_all_files_after_failure;test_transaction_parent_identity_cannot_be_redirected_after_checkpoint;test_transaction_removes_parent_directories_it_created;test_transaction_commits_and_removes_checkpoint;test_checkpoint_wal_recovers_interrupted_mutation;test_checkpoint_rejects_targets_overlapping_its_store;test_repeated_cancellation_waits_for_checkpoint_creation_and_cleans_it;test_transaction_cancellation_waits_for_action_then_rolls_back;test_repeated_cancellation_cannot_interrupt_in_flight_action;test_repeated_cancellation_cannot_interrupt_in_flight_rollback;test_transaction_cancellation_during_commit_returns_committed_result;test_commit_manifest_failure_resets_state_and_rolls_back;test_registry_rollback_deduplicates_new_key_cleanup;test_cancelled_commit_failure_clears_cancellation_and_rolls_back;test_session_state_machine_and_bounded_dry_fact_compression;test_session_registry_rejects_unowned_pids_and_lists_snapshots,__future__;asyncio;hashlib;jarvis_gpt.execution_actions;jarvis_gpt.execution_models;jarvis_gpt.execution_session;jarvis_gpt.execution_transaction;os;pytest;sys;threading;types,persistence,0,true,subsystem-review,false
backend/tests/test_executive_cognitive.py,test,backend-tests,18816,541,test_llm_dag_and_cognitive_artifact_complete_without_self_claims;test_direct_read_only_tool_output_mints_typed_artifact_evidence;test_unrelated_read_only_output_cannot_satisfy_step_assertion;test_unrelated_cognitive_prose_cannot_satisfy_step_assertion;test_empty_memory_search_echo_cannot_satisfy_observation_step;test_unrelated_typed_inspection_cannot_satisfy_observation_step;test_llm_mission_adapts_to_changed_environment_and_completes_revalidation;test_malformed_llm_decomposition_fails_before_mission_persistence;test_state_goal_cannot_be_recast_as_artifact_only_decomposition;test_authoritative_goal_policy_cannot_be_weakened_to_prose;test_create_deployment_plan_remains_artifact_only_work,__future__;asyncio;hashlib;jarvis_gpt.agent;jarvis_gpt.config;jarvis_gpt.event_bus;jarvis_gpt.executive_runtime;jarvis_gpt.llm;jarvis_gpt.models;jarvis_gpt.storage;json;pytest,,0,true,subsystem-review,false
backend/tests/test_executive_planner.py,test,backend-tests,19688,557,test_decomposition_contract_is_strict_versioned_and_contains_context;test_environment_fingerprint_rejects_tampering_and_non_json_values;test_planner_detaches_mutable_json_from_inputs_and_snapshots;test_topological_order_and_parallel_ready_selection_are_deterministic;test_graph_rejects_unknown_dependencies_and_cycles_without_partial_load;test_step_success_requires_action_and_independent_assertion_verification;test_goal_assertions_gate_success_and_failed_check_allows_remediation;test_precondition_fingerprints_block_changed_environment_and_recover;test_revision_preserves_completed_state_and_replaces_failed_branch;test_revision_reset_clears_bound_action_and_contract_together;test_revision_is_optimistic_atomic_cycle_safe_and_protects_success;test_attempt_and_revision_limits_cannot_be_bypassed;test_step_proposal_cannot_raise_the_global_attempt_cap;test_snapshot_round_trip_recovers_inflight_step_as_failed;test_planning_and_revised_snapshots_round_trip;test_snapshot_rejects_false_success_without_goal_verification;test_successful_snapshot_round_trip_retains_goal_assertions;test_cancellation_is_terminal_and_preserves_successful_steps,__future__;copy;hashlib;jarvis_gpt.executive_planner;json;pydantic;pytest,,0,true,subsystem-review,false
backend/tests/test_executive_runtime.py,test,backend-tests,66034,1960,test_coordinator_executes_only_ready_steps_and_goal_assertions;test_snapshot_does_not_reclassify_live_step_as_crash;test_cold_start_routes_interrupted_running_task_to_reconciliation;test_reconcile_only_state_step_closes_by_exact_inspection_without_replay;test_secondary_coordinator_does_not_recover_live_primary_work;test_cold_start_releases_task_claim_persisted_before_planner_start;test_cold_start_completes_task_when_verified_planner_write_won;test_cold_start_preserves_approval_blocked_inflight_step;test_cold_start_finishes_running_to_blocked_approval_crash_window;test_cold_start_rejects_approval_missing_bound_action_contract;test_cold_start_recovers_running_sibling_without_invalidating_blocked_approval;test_cold_start_never_replays_ambiguous_committed_safe_mutation;test_failed_step_revises_remaining_graph_without_resetting_success;test_success_log_with_failed_verification_revises_fail_closed;test_model_supplied_positive_verification_is_not_trusted;test_nested_inspector_shaped_payload_is_not_trusted;test_inspector_evidence_is_bound_to_requested_action;test_verified_unrelated_action_cannot_satisfy_bound_step_contract;test_state_action_subject_must_match_planned_literal_target;test_explicit_delete_intent_rejects_opposite_write_kind;test_ambiguous_remove_entry_goal_keeps_content_edit_compatible;test_explicit_move_intent_rejects_copy_with_same_subject_roles;test_explicit_file_output_intent_rejects_delete_and_path_verb_injection;test_transaction_binds_all_declared_targets_and_verification_order;test_mixed_effect_transaction_cannot_swap_operations_between_targets;test_executive_mutation_contract_requires_explicit_stable_action_id;test_process_command_can_bind_exact_planned_executable_path;test_process_command_binds_quoted_windows_path_with_spaces;test_process_run_requires_typed_tcp_postcondition_for_planned_port;test_process_termination_requires_exact_owned_pid_postcondition;test_subject_identity_preserves_posix_and_url_case_but_folds_windows;test_state_action_can_bind_to_trusted_predecessor_discovery;test_inspection_supplemental_subject_cannot_expand_mutation_authority;test_minted_evidence_is_rejected_after_contract_changes;test_cold_start_quarantines_tasks_from_uncommitted_dag_revision;test_cold_start_isolates_malformed_plan_and_recovers_other_missions;test_cold_start_backfills_pristine_mission_without_plan;test_cold_start_quarantines_partially_executed_mission_without_plan;test_cold_start_fingerprint_change_inserts_revalidation_branch;test_fingerprint_change_invalidates_active_approval_and_reconciles;test_plan_creation_consults_execution_playbooks,__future__;hashlib;jarvis_gpt.cognitive_memory;jarvis_gpt.executive_runtime;jarvis_gpt.models;jarvis_gpt.storage;json;pytest;re,persistence,0,true,subsystem-review,false
backend/tests/test_experience.py,test,backend-tests,5354,163,FakeLLM;FakeTelemetry;FakeDispatcher;test_preferences_and_policy_are_persistent;test_daily_briefing_summarizes_risk_and_pending_approval;test_self_heal_report_suggests_non_destructive_actions;test_benchmark_records_history,__future__;asyncio;jarvis_gpt.config;jarvis_gpt.experience;jarvis_gpt.models;jarvis_gpt.storage;typing,,0,true,subsystem-review,false
backend/tests/test_experience_loop.py,test,backend-tests,8015,188,test_message_feedback_persists_metadata_and_learning_journal;test_learning_tick_turns_quality_signals_into_lessons;test_lessons_prompt_is_injected_into_every_turn;test_operator_queue_surfaces_quality_signals;test_failed_self_check_writes_learning_observation,__future__;asyncio;jarvis_gpt.agent;jarvis_gpt.config;jarvis_gpt.event_bus;jarvis_gpt.learning;jarvis_gpt.llm;jarvis_gpt.operator_queue;jarvis_gpt.storage,,0,true,subsystem-review,false
backend/tests/test_file_types_and_archives.py,test,backend-tests,5441,144,test_identify_magic_pdf_and_zip;test_identify_docx_by_zip_content;test_identify_tar_gz_extension_and_magic;test_identify_text_content_without_extension;test_zip_list_extract_read_and_search;test_tar_gz_roundtrip;test_gz_stream_list_and_extract;test_path_traversal_rejected;test_surfer_identify_probe_and_create;test_surfer_inspect_archive,__future__;gzip;jarvis_gpt.archive_runtime;jarvis_gpt.document_surfer;jarvis_gpt.file_types;pathlib;pytest;tarfile;zipfile,persistence,0,true,subsystem-review,false
backend/tests/test_host_bridge_client.py,test,backend-tests,4662,132,test_host_bridge_client_posts_structured_action;test_host_bridge_client_rejects_unknown_action_without_network;test_host_bridge_status_requires_authenticated_capabilities;test_host_bridge_status_rejects_stale_process_policy,__future__;asyncio;jarvis_gpt.config;jarvis_gpt.host_bridge;threading,persistence,0,true,subsystem-review,false
backend/tests/test_host_bridge_script.py,test,backend-tests,17237,516,test_raw_execute_endpoint_is_gone_and_action_requires_authentication;test_action_contract_rejects_unknown_fields_shells_and_string_arguments;test_process_view_contract_is_bounded_and_enum_only;test_native_app_policy_rejects_path_aliases_and_accepts_explicit_exact_paths;test_native_app_argument_grammars_reject_windows_devices_and_ads;test_capabilities_publish_versioned_native_app_policy;test_capabilities_fail_closed_on_invalid_configured_app_paths;test_configured_app_paths_treat_special_characters_as_literals;test_process_start_uses_direct_validated_argv_without_shell;test_fixed_process_console_never_executes_request_text;test_process_top_fixed_script_sorts_before_limiting;test_process_argv_redaction_covers_split_inline_and_url_secrets;test_native_actions_execute_only_the_fixed_encoded_script;test_windows_powershell_fixed_invocation_uses_sta_and_no_bypass;test_existing_bridge_token_is_protected_on_every_read;test_bridge_token_is_published_only_after_complete_temp_write;test_windows_token_acl_removes_broad_principals_with_fixed_argv;test_security_command_never_uses_a_shell;test_windows_token_acl_commands_succeed_on_a_real_file,__future__;base64;http.client;importlib.util;json;os;pathlib;pytest;subprocess;threading;types,persistence;process,0,true,subsystem-review,false
backend/tests/test_ingest.py,test,backend-tests,12155,320,test_file_ingestor_indexes_text_and_records_audit;test_file_ingestor_indexes_directory_with_limits;test_file_ingestor_indexes_office_documents;test_file_ingestor_indexes_extended_document_surfer_formats;test_file_ingestor_reindexes_legacy_stored_extended_document;test_file_ingestor_reindexes_duplicate_with_corrected_extension;test_file_ingestor_keeps_regular_text_formats_on_text_path;test_file_lookup_prefers_specific_mime_for_duplicate_hash;test_file_ingestor_rejects_oversized_stream_and_removes_temp;test_file_ingestor_removes_temp_when_stream_fails,__future__;hashlib;io;jarvis_gpt;jarvis_gpt.config;jarvis_gpt.ingest;jarvis_gpt.storage;pathlib;pytest;zipfile,persistence,0,true,subsystem-review,false
backend/tests/test_learning_telemetry.py,test,backend-tests,10040,275,test_learning_tick_saves_lessons_from_pending_approval;test_learning_tick_deduplicates_lessons;test_learning_journal_survives_chat_deletion_and_feeds_lessons;test_learning_tick_can_distill_with_llm;test_telemetry_performance_plan_and_host_bridge_status;test_live_telemetry_reuses_fast_gpu_cache;test_supervisor_status_reflects_autonomy_settings;test_supervisor_records_health_snapshot;test_supervisor_background_cognition_persists_pulse,__future__;asyncio;contextlib;jarvis_gpt.config;jarvis_gpt.host_bridge;jarvis_gpt.learning;jarvis_gpt.storage;jarvis_gpt.supervisor;jarvis_gpt.telemetry;types,persistence;process,0,true,subsystem-review,false
backend/tests/test_llm.py,test,backend-tests,11955,365,test_stream_chunk_parser_reads_openai_sse_delta;test_stream_chunk_parser_reads_done_marker;test_stream_chunk_parser_preserves_finish_reason;test_stream_chunk_parser_keeps_finish_reason_on_contentful_delta;test_stream_chunk_parser_preserves_usage_without_choices;test_llm_health_ignores_proxy_environment;test_foreground_preempts_and_defers_background_generation;test_router_admission_is_safe_across_event_loops;test_admission_release_survives_repeated_cancellation;test_inference_benchmark_uses_stream_usage_and_bounded_runs;test_stream_benchmark_reads_usage_after_finish_reason;test_background_stream_releases_lease_before_buffer_delivery,__future__;asyncio;jarvis_gpt.config;jarvis_gpt.llm,network,0,true,subsystem-review,false
backend/tests/test_model_catalog.py,test,backend-tests,4583,125,test_builtin_profile_model_identities_are_exclusive;test_mono_perf_dispatcher_args_are_exact_and_keep_fractional_offload;test_model_catalog_uses_configured_root_and_active_profile;test_model_catalog_honors_active_model_override;test_model_catalog_ignores_cross_profile_builtin_override,__future__;jarvis_gpt.config;jarvis_gpt.model_catalog;jarvis_gpt.storage;json;pytest,persistence,0,true,subsystem-review,false
backend/tests/test_model_hub.py,test,backend-tests,15011,473,test_model_hub_rejects_cross_profile_builtin_activation;test_model_hub_keeps_custom_model_override;test_download_file_resumes_part_with_range;test_download_file_discards_oversized_partial;test_model_download_worker_uses_parallel_file_workers;test_download_file_uses_parallel_segments;test_model_file_path_cannot_escape_download_root;test_model_hub_recovers_interrupted_jobs_on_start;test_model_hub_rejects_duplicate_target_download;test_model_download_worker_honors_preexisting_cancel;test_shutdown_worker_registry_blocks_overlapping_manager,__future__;jarvis_gpt.config;jarvis_gpt.model_catalog;jarvis_gpt.model_hub;jarvis_gpt.storage;pathlib;pytest;threading;time,network;persistence,0,true,subsystem-review,false
backend/tests/test_operations.py,test,backend-tests,15941,467,test_browser_and_docker_policy_persist;test_autonomy_jobs_are_budgeted;test_autonomy_jobs_report_due_work;test_autonomy_job_failure_backoff_and_run_history;test_autonomy_jobs_have_priority_deadline_and_cancel;test_autonomy_running_lease_blocks_due_and_recovers_stale;test_mission_autonomy_job_runs_headless_and_persists_mission_id;test_autonomy_executor_records_exceptions_as_failed_runs;test_autonomy_executor_cancels_running_child_task;test_autonomy_executor_does_not_run_stale_snapshot_after_cancel;test_cleanup_removes_only_allowed_containers,__future__;asyncio;datetime;jarvis_gpt.agent;jarvis_gpt.autonomy_executor;jarvis_gpt.config;jarvis_gpt.experience;jarvis_gpt.learning;jarvis_gpt.llm;jarvis_gpt.operations;jarvis_gpt.storage,process,0,true,subsystem-review,false
backend/tests/test_operator_queue.py,test,backend-tests,3023,92,test_operator_queue_collects_approvals_missions_and_future_profiles;test_memory_hygiene_and_model_profile_scaffold,__future__;jarvis_gpt.config;jarvis_gpt.operator_queue;jarvis_gpt.storage,,0,true,subsystem-review,false
backend/tests/test_persona.py,test,backend-tests,6343,170,test_normalize_fills_defaults_and_caps_lists;test_is_configured_and_accessors;test_render_system_block_is_empty_for_defaults;test_render_system_block_includes_rich_fields;test_persona_persists_and_audits;test_add_insight_appends_and_dedupes;test_agent_injects_persona_into_prompt;test_agent_prompt_has_no_persona_block_by_default;test_weather_inference_prefers_persona_location,__future__;asyncio;jarvis_gpt.agent;jarvis_gpt.config;jarvis_gpt.event_bus;jarvis_gpt.llm;jarvis_gpt.persona;jarvis_gpt.storage;pytest,process,0,true,subsystem-review,false
backend/tests/test_redaction.py,test,backend-tests,707,26,test_header_secrets_are_redacted_for_colon_and_assignment_delimiters,__future__;jarvis_gpt.redaction,,0,true,subsystem-review,false
backend/tests/test_runtime_lease.py,test,backend-tests,5230,153,test_primary_runtime_lease_is_exclusive_and_crash_safe;test_primary_runtime_lease_survives_lockfile_unlink_and_recreate;test_primary_runtime_lease_survives_state_directory_replacement;test_mutating_cli_fails_closed_while_api_primary_is_live;test_mutating_cli_acquires_lease_before_storage_migration;test_read_only_cli_runtime_skips_migration_and_rejects_writes;test_mutating_cli_bootstraps_primary_executive_and_kernel_recovery,__future__;jarvis_gpt.cli;jarvis_gpt.config;jarvis_gpt.runtime_lease;jarvis_gpt.storage;json;os;pytest;sqlite3;sys,persistence,0,true,subsystem-review,false
backend/tests/test_shop_registry.py,test,backend-tests,1826,49,test_shop_registry_recognizes_wildberries_spellings_and_short_aliases;test_shop_registry_recognizes_other_localized_marketplaces;test_shop_registry_uses_token_boundaries_and_builds_search_urls;test_shop_registry_returns_multiple_sources_in_textual_order,jarvis_gpt.shop_registry,,0,true,subsystem-review,false
backend/tests/test_shop_routing.py,test,backend-tests,34194,893,test_shop_key_and_helpers;test_wildberries_superlative_is_a_structured_catalog_request;test_store_mentions_without_catalog_intent_stay_in_general_research;test_terse_named_shop_product_queries_route_to_catalog;test_price_constraints_do_not_capture_product_specs;test_constraints_and_delivery_location_are_removed_from_catalog_subject;test_ranking_clauses_do_not_narrow_the_catalog_query;test_product_names_are_not_mistaken_for_ranking_criteria;test_city_is_only_treated_as_delivery_context;test_format_shop_search_answer_lists_cheapest_first;test_format_shop_search_answer_names_nearest_target_instead_of_cheapest;test_format_non_price_comparison_refuses_unsupported_winner;test_format_non_price_comparison_requires_complete_evidence;test_format_ascending_non_price_comparison_uses_lowest_wording;test_shopping_dns_query_routes_to_shop_search_not_web_answer;test_exact_named_shop_request_bypasses_llm_and_chat_stream_match;test_wildberries_power_query_routes_to_typed_comparison;test_explicit_multi_shop_query_compares_every_named_catalog;test_multi_shop_nearest_price_applies_hard_cap_before_ranking;test_shop_search_needs_install_gives_actionable_message;test_shop_search_soft_failure_stays_honest_and_does_not_fall_back;test_shop_search_live_failure_reuses_only_recent_labelled_catalog_cache;test_shop_failure_never_relabels_generic_or_lookalike_results_as_verified,__future__;asyncio;dataclasses;datetime;jarvis_gpt.agent;jarvis_gpt.config;jarvis_gpt.event_bus;jarvis_gpt.llm;jarvis_gpt.models;jarvis_gpt.storage,persistence,0,true,subsystem-review,false
backend/tests/test_shop_search.py,test,backend-tests,45420,1321,test_shop_search_url_templates_and_aliases;test_dns_price_sort_is_reapplied_after_redirect;test_city_label_from_dns_cookie;test_extract_catalog_items_from_dns_like_grid;test_dns_heuristic_parser_rejects_priced_catalog_recipe_links;test_wildberries_parser_uses_real_product_cards_and_rejects_search_links;test_power_ranking_converts_units_and_ignores_range_numbers;test_power_parser_distinguishes_megawatts_and_milliwatts;test_data_rate_parser_distinguishes_bytes_bits_and_not_storage_capacity;test_non_price_result_does_not_claim_winner_without_comparable_metric;test_non_price_result_requires_two_comparable_cards_for_superlative;test_catalog_constraints_are_normalized_filtered_and_returned;test_wildberries_api_parser_preserves_price_stock_and_rating;test_wildberries_api_prefers_regular_product_price_over_wallet_discount;test_catalog_search_uses_neutral_query_plus_optional_recall_variant;test_rank_catalog_items_cheapest_first_and_unpriced_last;test_rank_catalog_items_prefers_purchasable_product_over_cheaper_analog;test_non_price_ranking_prioritizes_metric_before_unknown_stock;test_rating_ranking_accounts_for_review_volume;test_catalog_stock_does_not_treat_not_in_stock_as_positive_substring;test_catalog_query_filter_drops_cheaper_neighbour_models_and_category_links;test_catalog_query_filter_matches_joined_and_split_model_tokens;test_catalog_query_filter_keeps_requested_brand_strict;test_catalog_query_filter_keeps_requested_model_qualifier_strict;test_catalog_query_filter_ignores_inflected_product_category_word;test_dns_shop_search_uses_stable_chrome_without_known_bad_headless_probe;test_dns_stable_navigation_failure_is_not_reported_as_browser_unavailable;test_shop_browser_context_loads_and_persists_per_shop_storage_state;test_dns_persistent_profile_keeps_proxy_and_falls_back_on_slow_close;test_wildberries_api_candidates_survive_browser_enrichment_failure;test_wildberries_retries_api_after_incomplete_browser_result;test_shop_search_result_shape;test_catalog_from_jsonld_itemlist;test_catalog_from_jsonld_ranks_in_stock_offer_before_cheaper_out_of_stock;test_web_shop_search_tool_registered_safe;test_web_shop_search_requires_query_and_shop;test_web_shop_search_rejects_unregistered_or_mismatched_urls;test_web_shop_search_degrades_without_browser;test_web_shop_search_forwards_non_price_criterion_without_guessing;test_price_nearest_ranks_by_distance_and_reports_target;test_web_shop_search_singleflight_populates_exact_fresh_cache;test_web_shop_search_hydrates_fresh_cache_from_verified_tool_run;test_history_hydration_rejects_cached_run_and_preserves_original_live_timestamp;test_web_shop_search_returns_stale_verified_cache_after_live_failure;test_web_shop_search_singleflight_queue_wait_obeys_absolute_deadline;test_web_shop_search_does_not_start_live_browser_after_late_lock_acquire;test_web_shop_search_total_deadline_cancels_and_drains_live_call,__future__;asyncio;datetime;jarvis_gpt;jarvis_gpt.config;jarvis_gpt.llm;jarvis_gpt.storage;jarvis_gpt.tools;pytest;sys;types;urllib.parse,persistence,0,true,subsystem-review,false
backend/tests/test_smoke_script.py,test,backend-tests,3526,112,test_optional_nonzero_command_is_reported_failed;test_optional_missing_command_is_skipped_but_never_successful;test_optional_unreachable_http_is_skipped_but_never_successful;test_main_exit_ignores_optional_gap_but_reports_degraded;test_main_required_failure_sets_nonzero_exit,__future__;json;scripts;sys;types;urllib.error,network;process,0,true,subsystem-review,false
backend/tests/test_state_verification.py,test,backend-tests,19443,577,test_write_verification_restats_hashes_and_validates_json;test_invalid_config_syntax_fails_closed;test_explicit_syntax_assertion_fails_when_no_validator_exists;test_move_verification_binds_destination_to_pre_action_source_hash;test_yaml_syntax_validator_accepts_safe_document;test_yaml_syntax_validator_accepts_standard_merge_keys;test_config_validators_reject_ambiguous_documents;test_powershell_uses_fixed_parser_for_syntax;test_powershell_parser_rejects_invalid_syntax;test_file_hash_mismatch_is_detected_independently;test_read_verification_requires_regular_file;test_delete_verification_requires_observed_absence;test_process_exit_code_never_substitutes_for_postcondition;test_process_postcondition_requires_a_pre_execution_transition;test_preexisting_path_cannot_satisfy_a_fresh_process_run;test_preexisting_tcp_listener_cannot_satisfy_a_fresh_process_run;test_tcp_verification_opens_an_independent_socket;test_registry_set_verifies_value_and_kind_readback;test_registry_kind_mismatch_fails_even_when_value_matches;test_owned_process_termination_is_read_back_from_session_registry;test_interrupt_requires_explicit_owned_process_postcondition;test_safe_gate_allows_typed_non_destructive_write_after_preflight;test_safe_gate_fails_closed_for_read_outside_path_policy;test_safe_gate_validates_process_request_before_allowing_it;test_safe_gate_denies_delete_without_compare_and_swap_digest;test_safe_gate_issues_exact_one_use_permit_for_delete;test_safe_gate_repeats_preflight_when_permit_is_consumed;test_safe_gate_permit_is_atomic_under_concurrent_consumers;test_safe_gate_blocks_critical_path_without_explicit_exception;test_safe_gate_treats_move_source_as_a_mutated_critical_path;test_safe_gate_critical_exception_still_requires_dry_run_permit;test_safe_gate_permit_binds_critical_move_source_snapshot,__future__;asyncio;concurrent.futures;dataclasses;hashlib;jarvis_gpt;jarvis_gpt.execution_actions;jarvis_gpt.execution_process;jarvis_gpt.state_verification;os;pathlib;pytest,persistence;process,0,true,subsystem-review,false
backend/tests/test_tools.py,test,backend-tests,165234,4602,test_operator_turn_authorization_is_exact_and_single_use;test_tool_registry_runs_memory_tools;test_tool_run_storage_redacts_secrets;test_tool_registry_redacts_generic_secrets_in_response_and_persistence;test_system_inspect_runs_read_only_wmi_query;test_system_inspect_runs_bounded_process_top;test_system_inspect_refuses_desktop_mutating_action;test_system_inspect_can_capture_screen_to_cache;test_system_inspect_is_a_safe_autonomous_tool;test_persona_insight_tool_learns_deduplicates_and_validates;test_filesystem_tool_stays_inside_allowed_roots;test_filesystem_write_text_is_sandboxed_and_gated;test_documents_tools_read_compare_and_plan_paths;test_documents_tools_use_file_id_and_create_edited_copy;test_documents_inspect_reads_xlsx_by_path;test_raw_host_bridge_execute_is_not_model_facing;test_windows_native_is_gated_and_uses_winapi_wmi;test_windows_native_process_launch_requires_independent_pid_verification;test_windows_native_process_start_uses_typed_empty_argv;test_windows_native_process_start_preserves_nonempty_argv;test_windows_native_process_view_payload_is_strict;test_windows_native_process_response_payload_redacts_split_and_url_secrets;test_windows_native_screen_capture_payload_is_structured;test_browser_open_requires_approval_and_validates_after_override;test_browser_policy_and_open_many;test_browser_chrome_status_uses_local_cdp;test_browser_read_is_gated_and_uses_chrome_session;test_browser_read_reports_human_verification;test_browser_scroll_loads_lazy_page_after_review;test_browser_chrome_launch_uses_dedicated_profile;test_browser_click_is_gated_and_saves_evidence;test_browser_click_accepts_semantic_target;test_browser_type_blocks_sensitive_target_without_opt_in;test_web_fetch_blocks_private_addresses;test_web_fetch_reads_public_text;test_web_fetch_flags_prompt_injection_text;test_web_download_stores_file_in_quarantine;test_web_download_refuses_oversized_content_length;test_web_download_inspect_reports_zip_entries;test_web_extract_uses_saved_evidence;test_web_extract_reads_schema_org_metadata;test_web_verify_scores_saved_evidence;test_web_research_pipeline_returns_citations;test_web_archive_fetches_latest_wayback_snapshot;test_web_research_uses_archive_after_blocked_live_source;test_russian_news_inference_uses_bounded_moscow_window_and_safe_timezone_fallback;test_web_answer_news_uses_dated_rss_articles_when_search_returns_sections;test_web_answer_news_requires_dated_evidence_for_every_requested_day;test_web_answer_news_does_not_treat_body_or_modified_dates_as_publication;test_web_answer_news_rejects_too_wide_window_before_network;test_web_answer_news_fails_closed_when_only_undated_or_old_sources_exist;test_web_answer_expands_queries_and_ranks_sources;test_web_answer_uses_grounded_llm_synthesis;test_web_answer_rejects_ungrounded_llm_synthesis;test_web_answer_uses_answer_cache;test_web_answer_diversifies_domains;test_web_answer_site_specific_blocked_returns_direct_link;test_web_answer_direct_link_terms_drop_noisy_shopping_words;test_web_answer_relevance_handles_utf8_russian_shopping_terms;test_web_answer_caches_direct_store_search_link;test_web_answer_weak_shopping_source_keeps_dns_search_link;test_web_crawl_follows_bounded_same_site_links;test_web_crawl_respects_depth_and_follow_filters;test_web_transcript_extracts_youtube_caption;test_web_eval_scores_answer_cases;test_web_eval_default_catalog_is_broader;test_internet_search_api_status_masks_keys_and_reads_stats;test_web_transcript_reports_local_whisper_unavailable;test_web_document_read_reads_quarantined_text;test_web_document_read_refuses_large_quarantine_file;test_internet_observability_summarizes_handoff_and_runs;test_internet_smoke_reports_live_checks;test_browser_session_diagnose_prefers_active_handoff;test_web_fetch_uses_ttl_cache;test_web_fetch_detects_cookie_consent_wall;test_web_rate_limit_blocks_domain_budget;test_web_fetch_marks_forbidden_pages_as_blocked;test_public_network_backend_pins_to_validated_ip;test_web_render_uses_isolated_headless_browser;test_web_render_can_scroll_headless_page;test_web_render_marks_forbidden_dom_as_blocked;test_web_search_parses_public_results;test_bing_parser_unwraps_ck_redirect_urls;test_web_search_falls_back_to_evidence_cache_on_provider_failure;test_web_search_cache_rejects_irrelevant_shopping_results;test_web_search_uses_region_freshness_pagination_and_yandex;test_web_search_uses_brave_api_provider;test_web_search_uses_serper_vertical_endpoint;test_docker_ps_parses_compact_container_list;test_docker_logs_restricts_non_jarvis_containers;test_dispatcher_tools_are_safe_or_gated;test_system_inspect_screen_capture_ignores_operator_supplied_path;test_public_browser_navigation_blocks_private_metadata_and_lan_per_hop;test_negation_aware_verifier_does_not_support_a_debunked_claim;test_search_evidence_cache_rejects_one_generic_overlapping_term;test_web_search_streaming_response_honors_shared_network_byte_budget;test_web_search_never_returns_provider_credentials_in_errors;test_deep_research_fetches_sources_in_bounded_parallel;test_public_observability_helper_does_not_record_itself,__future__;asyncio;base64;httpx;ipaddress;jarvis_gpt.browser_cdp;jarvis_gpt.config;jarvis_gpt.document_runtime;jarvis_gpt.ingest;jarvis_gpt.llm;jarvis_gpt.models;jarvis_gpt.storage;jarvis_gpt.tools;json;pathlib;pytest;types;zipfile,network;persistence;process,0,true,subsystem-review,false
backend/tests/test_verification.py,test,backend-tests,18273,440,test_parse_verdict_accepts_fenced_json_and_rejects_garbage;test_chat_answer_repaired_after_failed_self_check;test_slow_self_check_does_not_block_the_ready_draft;test_chat_answer_passes_self_check_unchanged;test_verification_respects_policy_opt_out;test_stream_answer_gets_correction_addendum;test_mission_step_report_revised_by_self_check;test_offline_mission_blocks_without_synthetic_report;test_mission_report_and_retrieved_data_never_become_system_instructions;test_deterministic_mission_report_lists_steps;test_arbiter_asks_clarifying_question_instead_of_guessing,__future__;asyncio;jarvis_gpt.agent;jarvis_gpt.cognitive_memory;jarvis_gpt.config;jarvis_gpt.event_bus;jarvis_gpt.llm;jarvis_gpt.storage;jarvis_gpt.verification,persistence,0,true,subsystem-review,false
backend/tests/test_web_coverage.py,test,backend-tests,15324,457,test_parse_feed_entries_rss_and_atom;test_parse_feed_entries_rejects_garbage;test_web_feed_tool_returns_entries_and_evidence;test_web_archive_reads_wayback_snapshot;test_web_archive_reports_missing_snapshot;test_web_weather_formats_russian_report;test_weather_route_prefers_open_meteo_tool;test_web_watch_add_list_remove_and_limit;test_web_watch_job_baseline_then_change;test_web_watch_job_kind_is_persisted,__future__;asyncio;httpx;ipaddress;jarvis_gpt.agent;jarvis_gpt.autonomy_executor;jarvis_gpt.config;jarvis_gpt.event_bus;jarvis_gpt.experience;jarvis_gpt.learning;jarvis_gpt.llm;jarvis_gpt.operations;jarvis_gpt.storage;jarvis_gpt.tools;json,network,0,true,subsystem-review,false
backend/tests/test_web_orchestrator.py,test,backend-tests,4879,138,test_web_modes_are_explicit_and_deadlines_are_hard_capped;test_shared_orchestrator_enforces_global_parallelism_and_operation_budget;test_shopping_analysis_filters_paid_seo_and_extracts_real_technical_negatives;test_shopping_analysis_rejects_unfetched_snippet_without_price_or_review_signal,__future__;asyncio;jarvis_gpt.web_orchestrator;pytest,,0,true,subsystem-review,false
backend/tests/test_web_surfer_adapter.py,test,backend-tests,27496,739,FakeWebSurfer;test_worker_pidfd_tracking_is_bounded_and_prunes_stale_handles;test_container_pid_one_is_a_valid_worker_parent_guard;test_injected_service_invokes_only_public_modes_and_normalizes_results;test_direct_service_injection_requires_explicit_test_boundary;test_dynamic_module_service_and_clean_unavailable_result;test_signature_result_and_mode_validation_fail_closed;test_shopping_target_policy_rejects_non_public_destinations;test_contract_missing_method_is_unavailable_and_timeouts_are_bounded;test_test_only_in_process_mode_opens_circuit_for_cancellation_resistance;test_sync_service_contract_is_rejected_without_starting_threads;test_adapter_redacts_secrets_in_results_and_errors;test_installed_module_runs_in_resident_worker_and_restarts_after_timeout;test_public_class_factory_lifecycle_runs_only_inside_worker;test_class_factory_contract_and_start_failures_are_closed;test_worker_import_timeout_and_caller_cancellation_are_contained;test_worker_timeout_kills_spawned_child_tree;test_worker_timeout_kills_descendant_that_escaped_process_group;test_worker_close_kills_returned_descendant_that_escaped_process_group;test_worker_close_kills_double_forked_daemon_descendant;test_unexpected_supervisor_exit_kills_service_and_escaped_descendant;test_worker_close_is_idempotent_and_survives_repeated_cancellation;test_active_worker_requires_awaited_close_inside_running_loop;test_worker_generation_dies_when_parent_runtime_is_killed,__future__;asyncio;contextlib;ctypes;jarvis_gpt.web_surfer_adapter;jarvis_gpt.web_surfer_worker;os;pathlib;pytest;signal;subprocess;sys;time;types,network;persistence;process,0,true,subsystem-review,false
backend/tests/test_web_surfer_integration.py,test,backend-tests,4707,139,test_unprobed_or_missing_black_box_is_not_advertised_as_callable;test_black_box_operation_failure_is_not_reported_as_tool_success;test_agent_routes_web_scenarios_only_through_public_black_box_methods,__future__;asyncio;jarvis_gpt.agent;jarvis_gpt.config;jarvis_gpt.llm;jarvis_gpt.storage;jarvis_gpt.tools;jarvis_gpt.web_surfer_adapter,,0,true,subsystem-review,false
backend/tests/web_worker_bad_class_fixture.py,test,backend-tests,768,30,JarvisWebSurfer,__future__;os;pathlib,persistence,1,true,subsystem-review,false
backend/tests/web_worker_class_fixture.py,test,backend-tests,1666,56,JarvisWebSurfer,__future__;os;pathlib,persistence,2,true,subsystem-review,false
backend/tests/web_worker_fixture.py,test,backend-tests,3860,104,fast_fact;deep_research;aggressive_shopping,__future__;os;subprocess;sys;time,persistence;process,10,true,subsystem-review,false
docker-compose.yml,config,deployment,5332,146,,,network;persistence;process,1,true,subsystem-review,false
docs/architecture.md,documentation,documentation,21767,201,,,network;persistence;process,23,true,subsystem-review,false
docs/assistant-notes.md,documentation,documentation,106266,1686,,,network;persistence;process,0,true,subsystem-review,false
docs/audit/00_READ_ME_FIRST_JARVIS_AUDIT_WORKFLOW.md,documentation,documentation,3279,72,,,,0,true,subsystem-review,false
docs/audit/01_JARVIS_REPOSITORY_ONLY_AUDIT_PROMPT.md,documentation,documentation,34510,842,,,network;persistence;process,0,true,subsystem-review,false
docs/audit/02_JARVIS_LIVE_MACHINE_AUDIT_PROMPT.md,documentation,documentation,45102,877,,,network;persistence;process,0,true,subsystem-review,false
docs/audit/02_JARVIS_LIVE_SYSTEM_AUDIT_PROMPT.md,documentation,documentation,41713,991,,,network;process,0,true,subsystem-review,false
docs/audit/02_SAFE_JARVIS_LIVE_MACHINE_AUDIT_PROMPT.md,documentation,documentation,8142,205,,,persistence;process,0,true,subsystem-review,false
docs/audit/03_JARVIS_SPARK_REMEDIATION_PROMPT.md,documentation,documentation,19081,385,,,process,0,true,subsystem-review,false
docs/audit/03_JARVIS_SPARK_REMEDIATION_PROMPT.txt,documentation,documentation,8577,140,,,process,0,true,subsystem-review,false
docs/audit/03_SAFE_JARVIS_SPARK_REMEDIATION_PROMPT.md,documentation,documentation,13525,330,,,persistence;process,0,true,subsystem-review,false
docs/audit/04_JARVIS_REMEDIATION_SAFETY_AND_ROLLBACK_PROTOCOL.md,documentation,documentation,26469,613,,,persistence;process,0,true,subsystem-review,false
docs/execution-capabilities.example.json,documentation,documentation,455,23,,,,0,true,subsystem-review,false
docs/runtime.md,documentation,documentation,106412,1223,,,network;persistence;process,118,true,subsystem-review,false
frontend/.dockerignore,config,frontend,62,7,,,,0,true,subsystem-review,false
frontend/.eslintrc.json,config,frontend,42,4,,,,0,true,subsystem-review,false
frontend/Dockerfile,config,frontend,646,22,,,,2,true,subsystem-review,false
frontend/app/globals.css,production,frontend,63598,3740,,,process,0,true,subsystem-review,true
frontend/app/jarvis-api/[...path]/route.ts,production,frontend,3576,119,,,persistence,30,true,subsystem-review,true
frontend/app/layout.tsx,production,frontend,456,19,,,,0,true,subsystem-review,false
frontend/app/page.tsx,production,frontend,205346,5827,,,network;persistence;process,40,true,subsystem-review,true
frontend/app/trace/[messageId]/page.tsx,production,frontend,8303,257,,,persistence,40,true,subsystem-review,true
frontend/next-env.d.ts,generated,frontend,247,7,,,,0,true,subsystem-review,false
frontend/next.config.mjs,production,frontend,281,15,,,,0,true,subsystem-review,false
frontend/package-lock.json,generated,frontend,33987,1057,,,process,0,true,subsystem-review,false
frontend/package.json,config,frontend,550,28,,,,12,true,subsystem-review,false
frontend/public/icon.svg,production,frontend,331,7,,,,0,true,subsystem-review,false
frontend/public/manifest.webmanifest,production,frontend,331,19,,,,5,true,subsystem-review,false
frontend/public/sw.js,production,frontend,2130,80,,,persistence,0,true,subsystem-review,true
frontend/tsconfig.json,config,frontend,639,37,,,,0,true,subsystem-review,false
jarvis-mono.cmd,script,launcher-runtime,75,4,,,,0,true,subsystem-review,false
jarvis-start.cmd,script,launcher-runtime,54,4,,,,0,true,subsystem-review,false
jarvis-stop.cmd,script,launcher-runtime,53,4,,,,0,true,subsystem-review,false
jarvis-turbo.cmd,script,launcher-runtime,76,4,,,,0,true,subsystem-review,false
jarvis.cmd,script,launcher-runtime,116,4,,,process,182,true,subsystem-review,false
jarvis.py,script,launcher-runtime,418,23,,__future__;pathlib;sys,,182,true,subsystem-review,false
pyproject.toml,config,repository,1134,52,,,network;process,4,true,subsystem-review,false
scripts/dev.ps1,script,launcher-runtime,1188,35,,,persistence;process,2,true,subsystem-review,false
scripts/dispatcher.ps1,script,launcher-runtime,1139,39,,,process,57,true,subsystem-review,false
scripts/doctor.ps1,script,launcher-runtime,263,17,,,,0,true,subsystem-review,false
scripts/init_runtime.ps1,script,launcher-runtime,483,22,,,process,0,true,subsystem-review,false
scripts/jarvis-launcher.ps1,script,launcher-runtime,62051,1863,,,persistence;process,2,true,subsystem-review,false
scripts/smoke.py,script,launcher-runtime,5347,181,main;run;http;tail;executable,__future__;argparse;json;os;pathlib;shutil;subprocess;sys;urllib.error;urllib.request,network;persistence;process,21,true,subsystem-review,false
scripts/windows_rpc_bridge.py,script,launcher-runtime,55687,1530,ActionValidationError;BridgeHandler;BridgeServer;execute_action;validate_action_request;powershell_path;powershell_command;redact_process_argv;trim_output;default_token_file;ensure_token;build_parser;main,__future__;argparse;base64;contextlib;hashlib;http.server;ipaddress;json;os;pathlib;re;secrets;shutil;socket;subprocess;tempfile;time;typing;urllib.parse,network;persistence;process,3,true,subsystem-review,false
uv.lock,generated,repository,202008,1022,,,network,0,true,subsystem-review,false
